チーム,年度,営業収益,広告料収入,入場料収入,Ｊリーグ配分金,アカデミー関連収入,物販収入,その他収入,営業費用,チーム人件費,試合関連経費,トップチーム運営経費,アカデミー運営経費,女子チーム運営経費,物販関連費,販売費および一般管理費,営業利益,営業外収益,営業外費用,経常利益,特別利益,特別損失,税引前当期利益,法人税および住民税等,当期純利益,div,順位,勝ち点,勝ち,分け,負け,得点,失点,入場者数
札幌,2021年度,3392,1445,440,434,25,329,719,3705,1660,313,287,50,0,258,1137,-313,78,11,-246,300,71,-17,2,-19,1,10,51,14,9,15,48,50,6817
仙台,2021年度,2121,1104,268,395,59,46,249,2259,1156,91,262,71,0,35,644,-138,14,6,-130,6,11,-135,5,-140,1,19,28,5,13,20,31,62,6152
鹿島,2021年度,6603,2511,581,578,239,695,1999,6545,2868,425,469,145,0,534,2104,58,9,59,8,0,0,8,0,8,1,4,69,21,6,11,62,36,7818
浦和,2021年度,6891,3898,626,471,26,841,1029,6990,3089,390,521,87,121,566,2216,-99,105,3,3,0,0,3,1,2,1,6,63,18,9,11,45,30,8244
柏,2021年度,3906,2987,237,399,22,1,260,4275,3105,133,199,22,0,1,815,-369,12,42,-399,0,0,-399,1,-400,1,15,41,12,5,21,37,56,4445
ＦＣ東京,2021年度,4772,2497,511,664,375,442,283,4998,2712,275,336,206,0,325,1144,-226,63,4,-167,0,311,-478,7,-485,1,9,53,15,8,15,49,53,7139
川崎Ｆ,2021年度,6982,2880,490,724,220,996,1672,6425,3630,199,446,62,0,698,1390,557,39,0,596,0,0,596,150,446,1,1,92,28,8,2,81,28,7215
横浜ＦＭ,2021年度,5228,2197,654,929,0,775,673,5242,2541,301,445,0,0,494,1461,-14,25,8,3,0,0,3,-1,4,1,2,79,24,7,7,82,35,8991
横浜ＦＣ,2021年度,2560,1085,248,382,185,120,540,2623,1513,108,242,175,0,111,474,-63,28,10,-45,0,22,-67,1,-68,1,20,27,6,9,23,32,77,4511
湘南,2021年度,2178,1229,229,359,66,104,191,2311,1293,127,163,42,8,33,645,-133,18,6,-121,124,0,3,2,1,1,16,37,7,16,15,36,41,4850
清水,2021年度,4366,2683,439,387,313,166,378,4328,2127,222,655,194,0,61,1069,38,30,13,55,14,59,10,-2,12,1,14,42,10,12,16,37,54,7455
名古屋,2021年度,6173,3534,592,542,193,584,728,5927,3089,310,546,103,0,355,1524,246,26,581,-309,0,0,-309,30,-339,1,5,66,19,9,10,44,30,11085
Ｇ大阪,2021年度,5179,1923,249,522,170,480,1835,5206,2735,291,472,158,0,436,1114,-27,283,174,82,0,0,82,0,82,1,13,44,12,8,18,33,49,5346
Ｃ大阪,2021年度,3738,1994,361,498,0,293,592,4435,2449,324,588,0,0,217,857,-697,7,10,-700,360,75,-415,0,-415,1,12,48,13,9,16,47,51,5070
神戸,2021年度,6389,1681,486,438,232,462,3090,9527,5052,279,557,189,0,369,3081,-3138,40,135,-3233,3300,2,65,18,47,1,3,73,21,10,7,62,36,7120
広島,2021年度,3460,1779,262,498,68,297,556,3485,1876,259,321,134,86,217,592,-25,18,4,-11,40,4,25,6,19,1,11,49,12,13,13,44,42,5920
徳島,2021年度,2745,1604,167,376,66,138,394,2710,1684,100,305,60,0,111,450,35,8,0,43,0,0,43,14,29,1,17,36,10,6,22,34,55,5631
福岡,2021年度,2132,803,312,399,164,173,281,2614,1643,119,243,69,0,137,403,-482,4,24,-502,9,11,-504,1,-505,1,8,54,14,12,12,42,37,5403
鳥栖,2021年度,2267,652,468,394,48,198,507,2464,1334,126,197,53,0,122,632,-197,58,32,-171,0,50,-221,0,-221,1,7,59,16,11,11,43,35,7276
大分,2021年度,2096,758,354,388,45,139,412,2106,1251,93,195,66,2,68,431,-10,6,1,-5,0,0,-5,0,-5,1,17,35,9,8,21,31,55,6723
J1合計,2021年度,83178,39244,7974,9777,2516,7279,16388,88175,46807,4485,7449,1886,217,5148,22183,-4997,871,1123,-5249,4153,616,-1712,235,-1947,1,-,-,-,-,-,-,-,-
J1平均,2021年度,4159,1962,399,489,126,364,819,4409,2340,224,372,94,11,257,1109,-250,44,56,-262,208,31,-86,12,-97,1,-,-,-,-,-,-,-,-
秋田,2021年度,775,388,38,156,56,36,101,782,265,58,117,42,0,35,265,-7,38,1,30,0,4,26,-9,35,2,13,47,11,14,17,41,53,2097
山形,2021年度,1847,699,181,147,0,127,693,1836,588,104,185,0,0,95,864,11,20,2,29,0,1,28,9,19,2,7,68,20,8,14,61,49,5082
水戸,2021年度,824,313,78,158,29,80,166,873,351,87,99,21,0,73,242,-49,1,0,-48,1,1,-48,1,-49,2,10,59,16,11,15,59,50,2696
栃木,2021年度,978,495,105,153,63,81,81,964,323,95,136,33,0,44,333,14,10,1,23,0,1,22,3,19,2,14,45,10,15,17,37,51,3861
群馬,2021年度,637,323,57,157,0,48,52,672,298,69,96,11,0,33,165,-35,16,0,-19,0,5,-24,3,-27,2,18,41,9,14,19,35,56,2082
大宮,2021年度,3115,2281,200,161,225,125,123,3082,1354,181,309,100,50,136,952,33,19,52,0,0,0,0,0,0,2,16,42,9,15,18,51,56,4311
千葉,2021年度,2371,1655,188,158,69,118,183,2359,1053,158,211,98,75,88,676,12,23,23,12,0,15,-3,-4,1,2,8,66,17,15,10,48,36,4068
東京Ｖ,2021年度,1755,942,106,153,195,132,227,1860,678,104,280,65,63,100,570,-105,6,6,-105,0,0,-105,0,-105,2,12,58,16,10,16,62,66,3246
町田,2021年度,1492,1099,75,144,26,52,96,1494,655,153,161,25,0,41,459,-2,9,2,5,0,0,5,2,3,2,5,72,20,12,10,64,38,2578
相模原,2021年度,776,416,85,169,0,44,62,677,265,70,74,0,0,32,236,99,14,20,93,0,1,92,22,70,2,19,38,8,14,20,33,54,2372
甲府,2021年度,1292,718,177,161,18,102,116,1228,483,79,184,13,0,81,388,64,26,6,84,0,0,84,17,67,2,3,80,23,11,8,65,38,4325
松本,2021年度,1903,968,358,165,17,143,252,1829,823,167,156,26,0,91,566,74,45,1,118,0,0,118,38,80,2,22,34,7,13,22,36,71,6154
新潟,2021年度,2208,954,475,174,155,314,136,2130,691,236,197,160,0,235,611,78,203,33,248,152,0,400,128,272,2,6,68,18,14,10,61,40,10879
金沢,2021年度,761,313,47,155,56,69,121,759,347,46,105,30,0,41,190,2,2,0,4,0,0,4,2,2,2,17,41,10,11,21,39,60,5968
磐田,2021年度,3108,1855,358,180,138,363,214,3239,1583,343,237,119,0,256,701,-131,83,14,-62,0,0,-62,-31,-31,2,1,91,27,10,5,75,42,5202
京都,2021年度,2209,1534,223,164,116,28,144,2092,1130,154,170,105,0,26,507,117,16,1,132,0,0,132,27,105,2,2,84,24,12,6,59,31,4153
岡山,2021年度,1571,757,141,166,104,106,297,1557,612,111,131,18,0,106,579,14,7,3,18,0,0,18,0,18,2,11,59,15,14,13,40,36,4153
山口,2021年度,1010,529,117,173,39,89,63,1136,483,110,121,89,3,53,277,-126,6,0,-121,0,0,-121,0,-121,2,15,43,10,13,19,37,51,3011
愛媛,2021年度,845,395,41,160,87,31,131,825,403,38,99,51,20,30,184,20,12,1,31,2,4,29,4,25,2,20,35,7,14,21,38,67,1854
北九州,2021年度,1094,500,122,155,83,72,162,1062,449,88,110,66,0,57,292,32,0,0,32,0,3,29,2,27,2,21,35,7,14,21,35,66,2974
長崎,2021年度,1980,1240,167,160,44,184,185,2984,1384,167,416,70,0,168,779,-1004,0,3,-1007,1029,0,22,10,12,2,4,78,23,9,10,69,44,4956
琉球,2021年度,641,248,34,155,55,41,108,771,369,54,56,35,0,25,232,-130,7,4,-127,0,0,-127,1,-128,2,9,65,18,11,13,57,47,1618
J2合計,2021年度,33192,18622,3373,3524,1575,2385,3713,34211,14587,2672,3650,1177,211,1846,10068,-1019,563,173,-630,1184,35,519,225,294,2,-,-,-,-,-,-,-,-
J2平均,2021年度,1509,846,153,160,72,108,169,1555,663,121,166,54,10,84,458,-46,26,8,-29,54,2,24,10,13,2,-,-,-,-,-,-,-,-
八戸,2021年度,337,167,7,26,0,28,109,350,72,18,48,0,0,31,181,-13,24,7,4,0,0,4,0,4,3,13,29,7,8,13,24,44,1137
盛岡,2021年度,588,467,13,31,22,29,26,577,286,50,72,24,0,24,121,11,5,1,15,0,0,15,5,10,3,2,53,15,8,5,43,28,1394
福島,2021年度,367,172,7,28,18,35,107,412,140,28,69,6,0,20,149,-45,5,3,-43,0,0,-43,0,-43,3,5,45,13,6,9,41,32,877
ＹＳ横浜,2021年度,252,136,12,28,0,10,66,208,54,34,32,0,0,12,76,44,1,1,44,0,0,44,-1,45,3,8,40,11,7,10,31,33,1157
長野,2021年度,708,432,31,28,47,6,164,689,278,24,71,30,31,2,253,19,1,1,19,0,0,19,0,19,3,9,36,8,12,8,35,28,2518
富山,2021年度,627,409,32,29,70,37,50,623,239,43,86,35,0,25,195,4,4,2,6,0,0,6,0,6,3,4,46,13,7,8,40,34,2780
藤枝,2021年度,358,274,12,28,14,21,9,359,176,13,71,3,3,11,82,-1,3,0,2,0,0,2,0,2,3,10,32,8,8,12,42,42,1323
沼津,2021年度,361,191,9,30,51,30,50,408,130,23,57,2,0,19,177,-47,9,2,-40,0,0,-40,0,-40,3,14,27,7,6,15,32,44,1482
岐阜,2021年度,750,465,49,32,55,70,79,881,373,65,106,68,0,53,216,-131,2,1,-130,0,0,-130,0,-130,3,6,41,12,5,11,38,35,3505
鳥取,2021年度,381,159,24,28,43,24,103,447,112,15,45,26,0,8,241,-66,3,6,-69,0,13,-82,0,-82,3,12,29,9,2,17,36,53,1186
讃岐,2021年度,408,198,21,29,38,30,92,443,182,35,76,23,0,18,109,-35,9,13,-39,0,0,-39,0,-39,3,15,21,4,9,15,20,41,1186
今治,2021年度,917,552,20,32,34,29,250,933,308,69,101,31,4,19,401,-16,21,2,3,0,0,3,1,2,3,11,30,7,9,12,34,33,1475
熊本,2021年度,550,319,52,33,0,44,102,587,242,29,60,0,0,40,216,-37,4,2,-35,0,0,-35,2,-37,3,1,54,15,9,4,39,20,3342
宮崎,2021年度,291,197,20,28,7,11,28,279,106,26,40,5,0,6,96,12,1,1,12,0,9,3,1,2,3,3,53,16,5,7,44,31,1124
鹿児島,2021年度,692,400,32,30,0,81,149,691,233,66,118,0,0,43,231,1,5,4,2,0,0,2,0,2,3,7,40,11,7,10,34,35,3738
J3合計,2021年度,7587,4538,341,440,399,485,1384,7887,2931,538,1052,253,38,331,2744,-300,97,46,-249,0,22,-271,8,-279,3,-,-,-,-,-,-,-,-
J3平均,2021年度,506,303,23,29,27,32,92,526,195,36,70,17,3,22,183,-20,6,3,-17,0,1,-18,1,-19,3,-,-,-,-,-,-,-,-
いわき,2021年度,528,380,21,0,6,45,76,654,220,15,57,16,0,29,317,-126,130,0,4,3,4,3,2,1,4,,,,,,,,
札幌,2020年度,3096,1736,244,411,26,271,408,3487,1614,211,269,58,0,189,1146,-391,94,17,-314,87,43,-270,1,-271,1,12,39,10,9,15,47,58,4303
仙台,2020年度,1997,1015,168,367,60,193,194,2493,1246,75,207,56,90,168,651,-496,35,4,-465,0,16,-481,-1,-480,1,17,28,6,10,18,36,61,4163
鹿島,2020年度,4797,2061,475,843,196,682,540,5746,2550,338,341,125,0,499,1893,-949,12,8,-945,0,0,-945,0,-945,1,5,59,18,5,11,55,44,6141
浦和,2020年度,5771,3750,423,400,22,814,362,6539,3119,320,418,55,88,465,2074,-768,179,10,-599,0,12,-611,1,-612,1,10,46,13,7,14,43,56,7869
柏,2020年度,4613,2893,143,382,17,1,1177,4615,2879,123,853,14,0,1,745,-2,46,22,22,0,0,22,1,21,1,7,52,15,7,12,60,46,3246
ＦＣ東京,2020年度,4588,2284,314,639,293,371,687,5007,3034,258,332,149,0,291,943,-419,116,15,-318,0,0,-318,7,-325,1,6,57,17,6,11,47,42,5913
川崎Ｆ,2020年度,5445,2097,435,1139,160,678,936,5662,3036,195,363,47,0,490,1531,-217,54,1,-164,0,0,-164,-33,-131,1,1,83,26,5,3,88,31,7862
横浜ＦＭ,2020年度,5864,2727,497,949,308,1039,344,5929,2962,242,466,170,0,605,1484,-65,78,11,2,1,0,3,-1,4,1,9,47,14,5,15,69,59,7969
横浜ＦＣ,2020年度,2165,1078,151,363,156,110,307,2033,1010,96,238,157,0,108,424,132,10,1,141,0,91,50,41,9,1,15,33,9,6,19,38,60,3560
湘南,2020年度,2188,1108,161,417,49,35,418,2332,1121,133,155,41,6,44,832,-144,9,3,-138,157,9,10,9,1,1,18,27,6,9,19,29,48,4467
清水,2020年度,4545,2753,295,385,284,377,451,4330,1937,165,581,170,0,289,1188,215,18,14,219,0,178,41,3,38,1,16,28,7,7,20,48,70,5235
名古屋,2020年度,5236,3424,378,393,146,406,489,5880,3525,219,412,106,0,274,1344,-644,122,7,-529,0,0,-529,0,-529,1,3,63,19,6,9,45,28,8557
Ｇ大阪,2020年度,4491,1898,324,405,147,496,1221,4926,2721,327,379,144,0,392,963,-435,126,32,-341,0,0,-341,0,-341,1,2,65,20,5,9,46,42,7602
Ｃ大阪,2020年度,2915,1699,310,394,0,214,298,3579,2020,247,418,0,0,182,712,-664,11,4,-657,0,144,-801,0,-801,1,4,60,18,6,10,46,37,7014
神戸,2020年度,4714,1669,422,471,197,509,1446,9845,6396,240,602,138,0,414,2055,-5131,59,66,-5138,5250,26,86,45,41,1,14,36,9,9,16,50,59,6042
広島,2020年度,3209,1593,272,570,61,260,453,3401,2040,165,295,101,0,181,619,-192,26,3,-169,0,1,-170,-4,-166,1,8,48,13,9,12,46,37,4545
鳥栖,2020年度,1649,558,216,364,61,122,328,2545,1389,136,197,27,0,117,679,-896,370,72,-598,0,116,-714,1,-715,1,13,36,7,15,12,37,43,4675
大分,2020年度,1756,862,259,371,35,50,179,1916,1154,75,139,68,2,31,447,-160,4,1,-157,0,7,-164,-31,-133,1,11,43,11,10,13,36,45,5158
J1合計,2020年度,69039,35205,5487,9263,2218,6628,10238,80265,43753,3565,6665,1626,186,4740,19730,-11226,1369,291,-10148,5495,643,-5296,39,-5335,1,-,-,-,-,-,-,-,-
J1平均,2020年度,3836,1956,305,515,123,368,569,4459,2431,198,370,90,10,263,1096,-624,76,16,-564,305,36,-294,2,-296,1,-,-,-,-,-,-,-,-
山形,2020年度,1674,558,115,143,0,106,752,1724,605,88,149,0,0,79,803,-50,44,10,-17,0,0,-17,2,-18,2,7,62,17,11,14,59,42,2944
水戸,2020年度,762,291,69,149,46,79,128,791,335,67,73,16,0,68,232,-29,5,0,-24,0,2,-26,1,-27,2,9,58,16,10,16,68,62,2019
栃木,2020年度,855,464,69,146,48,66,62,850,314,79,124,18,0,41,274,5,19,1,23,0,0,23,5,18,2,10,58,15,13,14,41,39,2522
群馬,2020年度,622,319,43,152,0,37,71,570,242,68,76,11,0,29,144,52,23,1,74,0,5,69,15,54,2,20,49,15,4,23,40,62,1561
大宮,2020年度,3034,2452,96,152,162,85,87,3046,1300,254,315,87,0,98,992,-12,20,8,0,0,0,0,0,0,2,15,53,14,11,17,43,52,2516
千葉,2020年度,2503,1906,133,151,76,114,123,2677,1444,142,218,82,42,89,660,-174,39,5,-140,1,37,-176,-1,-175,2,14,53,15,8,19,47,51,2778
東京Ｖ,2020年度,1493,672,90,149,138,129,314,2005,660,103,326,53,74,128,661,-512,9,23,-527,0,0,-527,0,-527,2,12,54,13,15,14,48,48,2429
町田,2020年度,1253,937,53,140,0,41,82,1252,497,130,156,30,0,24,415,1,7,0,8,0,0,8,2,6,2,19,49,12,13,17,41,52,1303
甲府,2020年度,1229,725,90,152,21,54,187,1278,609,74,160,13,0,42,380,-49,32,5,-22,0,0,-22,31,-53,2,4,65,16,17,9,50,41,2485
松本,2020年度,1928,996,245,289,14,186,198,2041,1090,137,180,14,0,110,510,-113,118,0,5,0,0,5,2,3,2,13,54,13,15,14,44,52,3976
新潟,2020年度,2194,920,370,154,147,245,358,2250,821,236,246,135,0,187,625,-56,211,12,143,0,66,77,25,52,2,11,57,14,15,13,55,55,5361
金沢,2020年度,665,275,38,148,37,48,119,710,312,50,106,19,0,35,188,-45,20,1,-26,0,0,-26,1,-27,2,18,49,12,13,17,57,67,1866
磐田,2020年度,2867,1828,189,159,110,227,354,2992,1405,320,299,143,0,153,672,-125,100,17,-42,14,0,-28,1,-29,2,6,63,16,15,11,58,47,3379
京都,2020年度,2101,1521,202,155,91,33,99,1946,929,171,176,94,0,30,546,155,39,4,190,0,0,190,34,156,2,8,59,16,11,15,47,45,3163
岡山,2020年度,1362,762,123,155,64,92,166,1399,635,98,114,11,0,86,455,-37,21,1,-17,0,0,-17,2,-19,2,17,50,12,14,16,39,49,3072
山口,2020年度,1043,568,100,166,30,71,107,1162,505,100,138,74,3,53,288,-119,9,0,-110,0,28,-138,0,-138,2,22,33,9,6,27,43,74,2106
徳島,2020年度,1672,1157,82,154,49,69,161,1586,916,81,195,29,0,62,303,86,26,1,111,0,0,111,33,78,2,1,84,25,9,8,67,33,3101
愛媛,2020年度,805,376,37,157,75,43,117,825,410,39,76,48,28,32,192,-20,35,1,14,0,0,14,3,11,2,21,34,8,10,24,38,68,1512
福岡,2020年度,1538,747,144,158,168,93,228,1825,968,109,263,76,0,67,342,-287,8,5,-284,12,14,-286,1,-287,2,2,84,25,9,8,51,29,3738
北九州,2020年度,986,421,154,151,87,72,101,903,330,88,106,42,0,66,271,83,2,0,85,0,0,85,15,70,2,5,65,19,8,15,59,51,3304
長崎,2020年度,1858,1182,147,157,32,160,180,2908,1382,137,365,79,0,128,817,-1050,24,0,-1026,830,0,-196,-47,-149,2,3,80,23,11,8,39,27,4266
琉球,2020年度,560,204,21,150,47,32,106,684,315,51,97,26,0,26,169,-124,35,7,-96,0,0,-96,0,-96,2,16,50,14,8,20,58,61,1115
J2合計,2020年度,33004,19281,2610,3487,1442,2083,4100,35424,16024,2623,3958,1100,147,1632,9939,-2420,845,102,-1679,857,152,-973,125,-1097,2,-,-,-,-,-,-,-,-
J2平均,2020年度,1500,876,119,159,66,95,186,1610,728,119,180,50,7,74,452,-110,38,5,-76,39,7,-44,6,-50,2,-,-,-,-,-,-,-,-
八戸,2020年度,261,123,5,26,0,17,90,288,70,19,34,0,0,16,149,-27,34,3,4,0,1,3,0,3,3,15,33,8,9,17,42,56,666
盛岡,2020年度,527,424,9,26,21,19,28,547,277,51,97,17,0,15,90,-20,12,5,-13,0,0,-13,2,-15,3,11,42,11,9,14,36,47,481
秋田,2020年度,461,266,19,28,32,18,98,511,184,28,79,19,0,25,176,-50,21,5,-34,0,0,-34,0,-34,3,1,73,21,10,3,55,18,1221
福島,2020年度,356,169,7,27,17,27,109,353,122,30,39,5,0,17,140,3,4,1,6,0,0,6,0,6,3,13,39,11,6,17,46,55,582
ＹＳ横浜,2020年度,73,22,7,26,0,2,16,135,49,26,12,0,0,11,37,-62,5,0,-57,3,0,-54,0,-54,3,17,27,5,12,17,37,66,623
相模原,2020年度,379,265,22,26,0,23,43,410,151,28,49,0,0,19,163,-31,30,0,-1,1,0,0,1,-1,3,2,61,16,13,5,42,35,918
長野,2020年度,564,354,34,29,31,10,106,617,248,31,74,18,23,3,220,-53,0,0,-53,0,0,-53,0,-53,3,3,59,17,8,9,45,26,2449
富山,2020年度,548,382,22,27,51,21,45,499,180,37,77,23,0,14,168,49,9,1,57,0,0,57,0,57,3,9,50,15,5,14,52,43,1217
藤枝,2020年度,293,222,8,26,8,9,20,363,178,18,61,2,3,8,93,-70,8,0,-62,56,0,-6,0,-6,3,10,49,14,7,13,48,44,683
沼津,2020年度,369,204,8,27,46,34,50,394,128,27,51,2,0,34,152,-25,12,2,-15,0,0,-15,0,-15,3,12,41,12,5,17,36,40,925
岐阜,2020年度,853,534,39,120,35,48,77,841,333,88,84,50,0,49,237,12,5,0,17,0,0,17,0,17,3,6,56,16,8,10,50,39,2644
鳥取,2020年度,283,118,25,27,42,19,52,463,114,15,46,21,0,9,258,-180,29,8,-159,0,2,-161,0,-161,3,5,57,17,6,11,47,37,808
讃岐,2020年度,396,207,24,27,35,29,74,467,189,46,65,22,0,19,126,-71,33,3,-41,0,1,-42,0,-42,3,16,31,7,10,17,33,52,869
今治,2020年度,834,525,19,31,23,32,204,797,233,63,81,21,3,19,377,37,20,1,56,0,1,55,19,36,3,7,55,15,10,9,39,27,1355
熊本,2020年度,517,321,49,30,2,38,77,582,241,32,72,6,0,38,193,-65,35,2,-32,0,0,-32,2,-34,3,8,54,16,6,12,56,47,1712
鹿児島,2020年度,698,356,32,118,0,45,147,737,272,86,137,0,0,22,220,-39,3,2,-38,0,0,-38,0,-38,3,4,58,18,4,12,55,43,2214
J3合計,2020年度,7412,4492,329,621,343,391,1236,8004,2969,625,1058,206,29,318,2799,-592,260,33,-365,60,5,-310,24,-334,3,-,-,-,-,-,-,-,-
J3平均,2020年度,463,281,21,39,21,24,77,500,186,39,66,13,2,20,175,-37,16,2,-23,4,0,-19,2,-21,3,-,-,-,-,-,-,-,-
宮崎,2020年度,189,170,1,0,7,4,7,180,80,1,33,4,0,3,59,9,1,0,10,0,0,10,6,4,4,-,-,-,-,-,-,-,-
札幌,2019年度,3599,1440,779,585,26,259,510,3826,1698,376,261,68,0,188,1235,-227,89,10,-148,0,0,-148,1,-149,1,10,46,13,7,14,54,49,18768
仙台,2019年度,2711,1165,615,360,77,244,250,2956,1296,150,237,83,129,167,894,-245,9,2,-238,0,193,-431,-3,-428,1,11,41,12,5,17,38,45,14971
鹿島,2019年度,6768,2303,996,775,257,842,1595,6673,2936,518,377,178,0,620,2044,95,5,1,99,0,0,99,96,3,1,3,63,18,9,7,54,30,20569
浦和,2019年度,8218,3841,2300,468,12,903,694,8082,3228,650,572,75,84,542,2931,136,11,8,139,0,0,139,77,62,1,14,37,9,10,15,34,50,34184
ＦＣ東京,2019年度,5635,2419,1104,406,418,297,991,5552,2736,492,501,259,0,247,1317,83,3,11,75,0,0,75,25,50,1,2,64,19,7,8,46,29,31540
川崎Ｆ,2019年度,6969,2143,1042,1792,216,835,941,6168,2958,260,359,78,0,689,1824,801,2,1,802,0,0,802,240,562,1,4,60,16,12,6,57,34,23272
横浜ＦＭ,2019年度,5884,2263,1286,384,375,702,874,5880,2684,345,459,201,0,437,1754,4,23,6,21,0,0,21,1,20,1,1,70,22,4,8,68,38,27010
湘南,2019年度,2701,1129,438,324,87,230,493,2667,1263,153,137,140,0,197,777,34,7,6,35,0,0,35,31,4,1,16,36,10,6,18,40,63,12848
松本,2019年度,2711,1145,695,371,30,249,221,2674,1430,263,185,46,0,123,627,37,35,1,71,0,19,52,19,33,1,17,31,6,13,15,21,40,17416
清水,2019年度,4291,1937,702,376,338,443,495,4289,1729,251,501,243,0,301,1264,2,17,3,16,0,10,6,4,2,1,12,39,11,6,17,45,69,15043
磐田,2019年度,3813,1877,531,500,198,337,370,3950,1995,435,294,174,0,269,783,-137,32,6,-111,0,148,-259,0,-260,1,18,31,8,7,19,29,51,15277
名古屋,2019年度,6912,4077,1221,376,225,562,451,6827,3973,330,483,162,0,324,1555,85,18,271,-168,0,0,-168,0,-168,1,13,37,9,10,15,45,50,27612
Ｇ大阪,2019年度,5513,1863,1247,379,211,536,1277,5339,2434,591,457,175,0,398,1284,174,12,87,99,0,0,99,0,99,1,7,47,12,11,11,54,48,27708
Ｃ大阪,2019年度,3786,1707,677,479,0,258,665,4263,2406,302,520,0,0,167,868,-477,0,6,-483,200,0,-283,0,-283,1,5,59,18,5,11,39,25,21518
神戸,2019年度,11440,7405,1260,376,266,531,1602,11005,6923,308,780,136,0,401,2457,435,67,259,243,0,0,243,0,243,1,8,47,14,5,15,61,59,21491
広島,2019年度,3737,1582,547,766,80,302,461,3711,1931,327,369,137,0,224,723,26,12,1,37,0,0,37,15,22,1,6,55,15,10,9,45,29,13886
鳥栖,2019年度,2561,810,760,360,76,276,279,4459,2528,469,200,45,0,244,973,-1898,7,122,-2013,0,0,-2013,1,-2014,1,15,36,10,6,18,32,53,15050
大分,2019年度,1866,726,472,362,44,45,217,1678,860,138,159,68,1,20,432,188,2,0,190,0,0,190,58,132,1,9,47,12,11,11,35,35,15347
J1合計,2019年度,89115,39832,16672,9439,2936,7851,12386,89999,45008,6358,6851,2268,214,5558,23742,-884,351,801,-1334,200,370,-1504,565,-2070,1,-,-,-,-,-,-,-,
J1平均,2019年度,4951,2213,926,524,163,436,688,5000,2500,353,381,126,12,309,1319,-49,20,45,-74,11,21,-84,31,-115,1,-,-,-,-,-,-,-,
山形,2019年度,1845,573,241,143,0,121,767,1855,549,101,189,0,0,81,935,-11,17,0,6,0,0,6,2,5,2,6,70,20,10,12,59,40,8289
水戸,2019年度,752,259,114,144,59,70,106,744,321,63,94,29,0,52,185,8,0,0,8,0,29,-21,0,-21,2,7,70,19,13,10,56,37,6087
栃木,2019年度,975,506,113,145,85,76,50,959,365,85,133,59,0,36,281,16,1,3,14,0,0,14,3,11,2,20,40,8,16,18,33,53,5148
大宮,2019年度,3454,2464,332,151,215,129,163,3458,1547,272,625,78,0,96,840,-4,15,11,0,0,0,0,0,0,2,3,75,20,15,7,62,40,9478
千葉,2019年度,2838,1954,326,144,125,144,145,2722,1153,166,335,143,73,115,737,116,10,4,122,0,110,12,7,5,2,17,43,10,13,19,46,64,9701
柏,2019年度,3140,2206,414,208,22,52,238,4206,2940,126,326,31,0,41,742,-1066,115,61,-1012,0,0,-1012,1,-1013,2,1,84,25,9,8,85,33,9471
東京Ｖ,2019年度,1938,911,177,144,188,100,417,1932,713,104,325,75,59,65,590,6,0,3,3,0,0,3,2,1,2,13,55,14,13,15,59,59,5371
町田,2019年度,1032,666,115,136,0,43,72,1021,402,103,111,19,0,34,352,11,0,2,9,0,0,9,2,7,2,18,43,9,16,17,36,59,4718
横浜ＦＣ,2019年度,1841,1123,197,146,161,82,132,1805,916,122,198,148,0,83,338,36,7,2,41,0,40,1,1,0,2,2,79,23,10,9,66,40,7061
甲府,2019年度,1455,800,286,149,24,87,109,1460,707,108,171,26,0,70,378,-5,10,8,-3,0,0,-3,2,-5,2,5,71,20,11,11,64,40,8273
新潟,2019年度,2247,949,500,149,178,231,240,2248,722,272,253,165,0,189,647,-1,164,9,154,31,5,180,10,170,2,10,62,17,11,14,71,52,14497
金沢,2019年度,760,320,72,146,54,66,102,755,311,54,110,41,0,41,198,5,1,2,4,0,0,4,2,2,2,11,61,15,16,11,58,46,5209
岐阜,2019年度,1079,589,116,154,50,75,95,1148,461,131,126,55,0,67,308,-69,0,1,-70,0,0,-70,0,-70,2,22,30,7,9,26,33,78,6644
京都,2019年度,2090,1356,198,148,148,86,154,2084,895,157,150,176,0,68,638,6,20,48,-22,0,0,-22,2,-24,2,8,68,19,11,12,59,56,7850
岡山,2019年度,1567,798,186,153,114,111,205,1565,634,177,107,33,0,98,516,2,0,0,2,0,0,2,1,1,2,9,65,18,11,13,49,47,9444
山口,2019年度,1289,634,216,162,42,123,113,1282,527,130,140,86,2,73,323,7,2,0,9,1,1,9,2,7,2,15,47,13,8,21,54,70,5653
徳島,2019年度,1763,1147,172,152,64,74,154,1641,892,98,197,64,0,67,323,122,2,0,124,4,0,128,41,87,2,4,73,21,10,11,67,45,5736
愛媛,2019年度,777,324,61,155,82,61,94,860,406,44,87,62,27,45,189,-83,10,2,-75,0,0,-75,0,-75,2,19,42,12,6,24,46,62,3780
福岡,2019年度,1577,693,137,155,198,93,301,1680,784,113,289,103,0,63,328,-103,1,5,-107,0,0,-107,0,-107,2,16,44,12,8,22,39,62,6983
長崎,2019年度,2564,1557,257,277,41,207,225,2555,1029,214,268,91,0,143,810,9,3,2,10,0,0,10,-46,56,2,12,56,17,5,20,57,61,7737
鹿児島,2019年度,790,401,104,148,0,58,79,784,296,91,154,0,0,30,213,6,0,3,3,0,0,3,0,3,2,21,40,11,7,24,41,73,5785
琉球,2019年度,632,181,47,150,58,42,154,663,252,71,78,39,0,42,181,-31,0,2,-33,0,1,-34,0,-34,2,14,49,13,10,19,57,80,4953
J2合計,2019年度,36405,20411,4381,3459,1908,2131,4115,37427,16822,2802,4466,1523,161,1599,10052,-1023,378,168,-813,36,186,-963,32,-994,2,-,-,-,-,-,-,-,-
J2平均,2019年度,1655,928,199,157,87,97,187,1701,765,127,203,69,7,73,457,-47,17,8,-37,2,8,-44,1,-45,2,-,-,-,-,-,-,-,-
八戸,2019年度,302,152,10,27,0,19,94,313,81,14,48,0,0,16,154,-11,20,3,6,0,0,6,0,6,3,10,48,14,6,14,49,42,1760
盛岡,2019年度,263,144,8,26,35,13,37,320,114,22,53,20,0,21,90,-57,11,1,-47,0,0,-47,2,-49,3,18,26,7,5,22,36,63,1368
秋田,2019年度,461,266,20,27,47,11,90,477,161,25,84,32,0,11,164,-16,9,1,-8,0,0,-8,0,-8,3,8,49,13,10,11,45,35,1549
福島,2019年度,325,214,14,27,21,25,24,361,124,34,49,10,0,17,127,-36,1,0,-35,0,0,-35,0,-35,3,11,43,13,4,17,45,53,1242
群馬,2019年度,465,285,44,29,0,29,78,444,184,43,63,12,0,16,126,21,12,0,33,0,0,33,8,25,3,2,63,18,9,7,59,34,3594
ＹＳ横浜,2019年度,204,39,12,26,71,16,40,209,32,27,40,44,2,13,51,-5,6,0,1,0,0,1,0,1,3,13,39,12,3,19,53,65,1095
相模原,2019年度,348,230,38,27,0,26,27,363,121,24,39,0,0,19,160,-15,9,0,-7,0,0,-7,1,-8,3,15,38,10,8,16,36,45,2879
長野,2019年度,675,419,45,27,49,6,129,703,294,30,85,26,36,1,231,-28,0,0,-28,0,0,-28,0,-28,3,9,49,13,10,11,35,34,3000
富山,2019年度,522,341,30,26,55,22,48,548,200,37,100,27,0,18,166,-26,0,0,-26,0,0,-26,0,-26,3,4,58,16,10,8,54,31,2737
藤枝,2019年度,324,254,11,27,11,7,14,351,164,27,67,4,3,6,80,-27,1,0,-26,0,57,-83,0,-83,3,3,63,18,9,7,42,31,1740
沼津,2019年度,401,220,12,28,51,37,53,400,116,33,47,3,0,29,172,1,7,2,6,0,4,2,0,2,3,12,39,11,6,17,35,43,2470
鳥取,2019年度,455,221,32,26,47,37,92,477,114,19,45,30,0,2,267,-22,0,10,-32,0,10,-42,0,-42,3,7,50,14,8,12,49,59,2229
讃岐,2019年度,561,241,45,117,45,29,84,575,263,46,84,31,0,20,131,-14,2,6,-18,0,6,-24,0,-24,3,14,39,10,9,15,53,65,2112
北九州,2019年度,804,384,124,27,106,50,113,776,250,65,93,56,0,39,273,28,0,1,28,0,1,26,5,22,3,1,66,19,9,6,51,27,6049
熊本,2019年度,850,366,83,128,30,50,193,815,310,49,108,49,0,44,255,35,2,0,37,0,0,37,10,27,3,5,57,16,9,9,45,39,5533
J3合計,2019年度,6960,3776,528,595,568,377,1116,7132,2528,495,1005,344,41,272,2447,-172,80,24,-116,0,78,-195,26,-220,3,-,-,-,-,-,-,-,-
J3平均,2019年度,464,252,35,40,38,25,74,475,169,33,67,23,3,18,163,-11,5,2,-8,0,5,-13,2,-15,3,-,-,-,-,-,-,-,-
今治,2019年度,719,409,29,0,38,35,208,710,202,63,82,25,3,21,314,9,27,0,36,0,0,36,1,35,4,-,-,-,-,-,-,-,-
川崎Ｆ,2018年度,6074,1478,975,1416,196,869,1140,5599,2614,222,326,67,0,576,1794,475,2,1,476,0,0,476,154,322,1,1,69,21,6,7,57,27,23218
広島,2018年度,3367,1530,500,364,82,370,521,3597,1864,283,383,137,0,260,670,-230,12,40,-258,0,0,-258,19,-277,1,2,57,17,6,11,47,35,14346
鹿島,2018年度,7330,2156,978,806,290,839,2261,6746,3157,524,599,169,0,600,1697,584,4,1,587,0,0,587,161,426,1,3,56,16,8,10,50,39,19434
札幌,2018年度,2988,1306,636,392,25,189,440,3233,1502,327,268,168,0,143,825,-245,100,8,-153,5,16,-164,1,-165,1,4,55,15,10,9,48,48,18223
浦和,2018年度,7549,3226,1923,389,11,954,1046,7540,3108,554,564,103,84,557,2570,9,29,6,32,22,0,54,15,39,1,5,51,14,9,11,51,39,35502
ＦＣ東京,2018年度,4844,1988,947,382,420,287,820,4619,2133,455,391,303,0,287,1050,225,1,23,203,0,0,203,69,134,1,6,50,14,8,12,39,34,26432
Ｃ大阪,2018年度,3871,1786,618,554,0,418,495,4177,2334,311,457,0,0,313,762,-306,15,5,-296,300,0,4,2,2,1,7,50,13,11,10,39,38,18811
清水,2018年度,3983,1757,582,377,319,396,552,4226,1811,232,381,262,0,263,1277,-243,10,2,-235,0,19,-254,2,-256,1,8,49,14,7,13,56,48,14991
Ｇ大阪,2018年度,5159,1845,1152,391,196,458,1117,4903,2193,561,403,193,0,358,1195,256,7,10,253,0,0,253,0,253,1,9,48,14,6,14,41,46,23485
神戸,2018年度,9666,6208,840,367,249,388,1614,7641,4477,280,528,105,0,360,1891,2025,58,401,1682,0,0,1682,630,1052,1,10,45,12,9,13,45,52,21630
仙台,2018年度,2684,1137,608,363,78,219,279,2765,1232,145,252,96,118,146,776,-81,15,2,-68,0,0,-68,5,-73,1,11,45,13,6,15,44,54,15408
横浜ＦＭ,2018年度,5138,2033,1127,371,360,571,676,5119,2301,356,405,205,0,382,1470,19,2,13,8,3,7,4,2,2,1,12,41,12,5,17,56,56,21788
湘南,2018年度,2978,1224,480,424,95,315,440,2980,1384,172,212,141,0,220,851,-2,9,2,5,0,0,5,5,0,1,13,41,10,11,13,38,43,12120
鳥栖,2018年度,4257,2296,678,358,94,201,630,4393,2670,419,207,51,0,162,884,-136,8,452,-580,0,0,-580,1,-581,1,14,41,10,11,13,29,34,15000
名古屋,2018年度,5491,3345,936,363,179,412,256,5273,2823,296,455,158,0,246,1295,218,15,6,227,0,0,227,104,123,1,15,41,12,5,17,52,59,24660
磐田,2018年度,3745,1869,638,371,222,426,219,3757,1721,475,271,179,0,302,809,-12,62,5,45,0,0,45,21,24,1,16,41,10,11,13,35,48,15474
柏,2018年度,4150,1968,449,708,25,67,933,4128,2806,135,314,37,0,53,783,22,21,21,22,0,0,22,20,2,1,17,39,12,3,19,47,54,11402
長崎,2018年度,2323,1183,407,363,31,211,128,2310,814,168,239,66,0,131,892,13,4,0,17,0,6,11,-26,37,1,18,30,8,6,20,39,59,11225
J1合計,2018年度,85597,38335,14474,8759,2872,7590,13567,83006,40944,5915,6655,2440,202,5359,21491,2591,374,998,1967,330,48,2249,1185,1064,1,-,-,-,-,-,-,-,-
J1平均,2018年度,4755,2130,804,487,160,422,754,4611,2275,329,370,136,11,298,1194,144,21,55,109,18,3,125,66,59,1,-,-,-,-,-,-,-,19064
松本,2018年度,2239,991,503,152,26,263,304,2225,1145,222,170,30,0,127,531,14,25,0,39,0,0,39,9,30,2,1,77,21,14,7,54,34,13283
大分,2018年度,1128,486,254,150,39,33,166,1089,482,77,130,66,3,10,321,39,3,1,41,0,0,41,4,37,2,2,76,23,7,12,76,51,8907
横浜ＦＣ,2018年度,1522,924,167,148,72,66,146,1513,734,132,194,62,0,49,343,9,1,10,0,0,0,0,0,0,2,3,76,21,13,8,63,44,6141
町田,2018年度,755,370,108,137,0,42,98,787,278,90,82,8,0,36,293,-32,3,3,-32,0,0,-32,1,-33,2,4,76,21,13,8,62,44,4915
大宮,2018年度,3972,2611,339,282,189,156,395,3965,1915,271,682,78,0,107,912,7,1,8,0,0,0,0,0,0,2,5,71,21,8,13,65,48,9224
東京Ｖ,2018年度,1852,847,178,152,174,61,440,1848,733,106,315,90,48,34,522,4,0,1,3,0,0,3,2,1,2,6,71,19,14,9,56,41,5936
福岡,2018年度,1831,990,174,154,177,97,239,1829,909,107,258,98,0,73,384,2,4,3,3,0,0,3,1,2,2,7,70,19,13,10,58,42,8873
山口,2018年度,1126,506,212,161,17,130,100,1179,468,118,136,71,8,77,302,-53,0,0,-53,0,0,-53,3,-56,2,8,61,16,13,13,63,64,6123
甲府,2018年度,1511,760,297,286,19,62,87,1500,747,113,172,33,0,45,390,11,8,8,11,0,0,11,10,1,2,9,59,16,11,15,56,46,7384
水戸,2018年度,621,205,84,145,50,52,85,623,275,54,79,28,0,33,154,-2,3,0,1,0,0,1,1,0,2,10,57,16,9,17,48,46,4938
徳島,2018年度,1688,1098,135,146,65,61,183,1616,952,78,194,63,0,47,282,72,5,2,75,0,0,75,23,52,2,11,56,16,8,18,48,42,4997
山形,2018年度,1698,469,178,139,0,97,815,1698,524,83,164,0,0,67,860,0,21,0,21,0,0,21,9,12,2,12,56,14,14,14,49,51,6766
金沢,2018年度,736,328,69,148,58,57,76,726,331,51,89,43,0,34,178,10,1,2,9,0,0,9,3,6,2,13,55,14,13,15,52,48,4528
千葉,2018年度,2893,1994,332,146,114,145,162,2778,1272,168,334,115,64,116,709,115,4,7,112,0,37,75,12,63,2,14,55,16,7,19,72,72,9858
岡山,2018年度,1502,763,176,152,103,128,180,1483,638,137,106,27,0,106,469,19,3,0,22,0,0,22,9,13,2,15,53,14,11,17,39,43,8599
新潟,2018年度,2493,1127,507,281,191,200,187,2728,1108,267,268,137,65,166,717,-235,158,11,-88,0,61,-149,0,-149,2,16,53,15,8,19,48,56,14913
栃木,2018年度,962,525,115,145,72,70,35,947,353,74,151,53,0,36,280,15,0,2,13,0,0,13,3,10,2,17,50,13,11,18,38,48,5657
愛媛,2018年度,789,324,56,157,71,66,115,784,353,35,77,55,26,54,184,5,3,1,7,0,0,7,1,6,2,18,48,12,12,18,34,52,3161
京都,2018年度,1848,1243,173,151,133,54,94,1750,692,147,141,123,0,36,611,98,15,20,93,0,0,93,15,78,2,19,43,12,7,23,40,58,5663
岐阜,2018年度,1090,557,131,153,48,72,129,978,365,117,112,33,0,61,290,112,1,0,113,0,0,113,0,113,2,20,42,11,9,22,44,62,6858
熊本,2018年度,933,431,106,160,22,67,147,911,400,53,104,33,0,54,267,22,1,0,23,0,1,22,6,16,2,21,34,9,7,26,50,79,5269
讃岐,2018年度,704,268,74,147,53,37,125,705,301,66,122,38,0,25,153,-1,5,3,1,0,0,1,0,1,2,22,31,7,10,25,28,72,3073
J2合計,2018年度,33893,17817,4368,3692,1693,2016,4308,33662,14975,2566,4080,1284,214,1393,9152,231,265,82,414,0,99,315,112,203,2,-,-,-,-,-,-,-,-
J2平均,2018年度,1541,810,199,168,77,92,196,1530,681,117,185,58,10,63,416,11,12,4,19,0,5,14,5,9,2,-,-,-,-,-,-,-,7049
琉球,2018年度,339,156,10,26,57,12,78,370,99,34,50,37,0,11,139,-31,0,15,-46,0,2,-48,0,-48,3,1,66,20,6,6,70,40,3146
鹿児島,2018年度,493,330,27,26,0,27,83,500,179,44,125,0,0,13,139,-7,0,1,-8,0,0,-8,1,-9,3,2,57,16,9,7,46,35,4040
鳥取,2018年度,475,245,34,27,43,30,96,462,106,22,43,26,0,2,263,13,0,10,3,0,0,3,1,2,3,3,53,15,8,9,61,47,2657
沼津,2018年度,386,186,16,27,59,33,65,405,118,34,50,5,0,28,170,-19,7,3,-15,0,0,-15,0,-15,3,4,52,14,10,8,40,29,2857
群馬,2018年度,462,228,43,119,0,22,50,499,223,42,77,8,0,16,133,-37,5,0,-32,0,1,-33,2,-35,3,5,52,15,7,10,37,35,3346
秋田,2018年度,435,255,20,27,47,13,73,438,148,16,66,34,0,12,162,-3,6,1,2,0,0,2,0,2,3,8,43,12,7,13,37,35,2839
相模原,2018年度,331,212,35,26,0,31,27,336,109,24,29,0,0,22,152,-5,5,1,-1,0,0,-1,0,-1,3,9,42,12,6,14,42,53,3458
長野,2018年度,675,417,46,28,26,10,148,722,293,30,83,28,37,3,248,-47,0,0,-47,0,0,-47,0,-47,3,10,41,10,11,11,39,37,3554
富山,2018年度,482,321,28,34,53,22,24,523,195,36,86,25,0,15,166,-41,2,0,-39,0,0,-39,0,-39,3,11,41,12,5,15,41,50,2670
福島,2018年度,367,246,12,26,32,26,25,383,125,34,50,18,0,18,138,-16,2,0,-14,0,0,-14,0,-14,3,12,40,9,13,10,36,43,1576
盛岡,2018年度,483,118,9,35,38,15,268,497,268,9,71,25,0,10,114,-14,12,8,-10,25,0,15,4,11,3,13,40,12,4,16,41,56,1216
ＹＳ横浜,2018年度,205,44,14,34,84,10,19,207,44,16,29,47,2,7,62,-2,2,0,0,0,0,0,0,0,3,15,34,8,10,14,40,48,1005
藤枝,2018年度,291,228,8,26,4,5,20,290,119,14,56,8,2,4,87,1,1,0,2,0,0,2,0,2,3,16,34,10,4,18,32,48,1273
北九州,2018年度,794,394,107,26,105,43,119,813,287,75,96,56,0,31,269,-19,0,0,-19,0,0,-19,2,-21,3,17,27,6,9,17,22,42,4501
J3合計,2018年度,6218,3380,409,487,548,299,1095,6445,2313,430,911,317,41,192,2242,-227,42,39,-224,25,3,-202,10,-212,3,-,-,-,-,-,-,-,-
J3平均,2018年度,444,241,29,35,39,21,78,460,165,31,65,23,3,14,160,-16,3,3,-16,2,0,-14,1,-15,3,-,-,-,-,-,-,-,2491
八戸,2018年度,216,117,7,0,2,14,76,258,57,6,37,0,0,9,149,-42,16,2,-28,0,1,-29,0,-29,4,3,-,-,-,-,-,-,-
川崎Ｆ,2017年度,5123,1854,1038,495,183,563,990,4730,2339,229,298,60,0,420,1384,393,3,2,394,0,0,394,133,261,1,1,72,21,9,4,71,32,22112
鹿島,2017年度,5228,1917,894,537,276,699,905,5367,2382,400,336,165,0,483,1601,-139,3,1,-137,0,0,-137,1,-138,1,2,72,23,3,8,53,31,20467
Ｃ大阪,2017年度,3976,1600,839,460,0,368,709,4243,2334,449,385,0,0,239,836,-267,17,51,-301,310,0,9,4,5,1,3,63,19,6,9,65,43,20970
柏,2017年度,3454,1954,554,466,26,77,377,3440,2308,158,183,33,0,61,697,14,19,9,24,0,0,24,11,13,1,4,62,18,8,8,49,33,11820
横浜ＦＭ,2017年度,4765,2111,1018,452,322,496,366,4759,2118,344,385,176,0,324,1412,6,26,8,24,0,0,24,-1,25,1,5,59,17,8,9,45,36,24766
磐田,2017年度,3828,1812,615,466,231,464,240,3592,1553,469,240,221,0,314,795,236,27,2,261,0,0,261,76,185,1,6,58,16,10,8,50,30,16321
浦和,2017年度,7971,3193,2337,536,12,813,1080,7416,2644,609,636,124,76,519,2808,556,8,28,536,0,0,536,206,330,1,7,49,14,7,13,64,54,33542
鳥栖,2017年度,3350,1574,631,443,97,164,441,3341,1899,341,165,38,0,117,781,9,3,2,10,0,0,10,8,2,1,8,47,13,8,13,41,44,14194
神戸,2017年度,5237,3352,514,453,236,195,487,5337,3104,357,278,85,0,176,1337,-100,15,68,-153,0,0,-153,2,-155,1,9,44,13,5,16,40,45,18272
Ｇ大阪,2017年度,4966,1800,1266,508,139,499,754,5063,2212,762,441,144,0,396,1108,-97,4,-91,-2,0,0,-2,0,-2,1,10,43,11,10,13,48,41,24277
札幌,2017年度,2676,1070,622,488,25,183,288,2685,1206,351,214,63,0,161,690,-9,80,8,63,0,20,43,10,33,1,11,43,12,7,15,39,47,18418
仙台,2017年度,2709,1183,619,458,76,173,200,2702,1165,163,291,90,95,128,770,7,17,2,22,0,0,22,9,13,1,12,41,11,8,15,44,53,14746
ＦＣ東京,2017年度,4588,1717,1026,483,446,282,634,4401,2010,468,389,295,0,238,1001,187,3,3,187,0,0,187,73,114,1,13,40,10,10,14,37,42,26490
清水,2017年度,4010,1797,625,461,308,409,410,3928,1680,268,283,260,0,280,1157,82,10,1,91,0,88,3,1,2,1,14,34,8,10,16,36,54,15116
広島,2017年度,3424,1546,496,484,88,362,448,3438,1602,263,531,132,0,249,661,-14,18,3,1,0,0,1,0,1,1,15,33,8,9,17,32,49,14042
甲府,2017年度,1727,774,353,446,28,74,52,1689,883,103,181,30,0,57,435,38,9,10,37,0,4,33,14,19,1,16,32,7,11,16,23,39,10842
新潟,2017年度,2762,1085,629,452,196,224,176,2974,1227,267,301,160,58,174,787,-212,174,24,-62,7,0,-55,0,-55,1,17,28,7,7,20,28,60,22034
大宮,2017年度,3685,2296,397,445,189,138,220,3675,1792,252,548,80,0,99,904,10,2,8,4,0,0,4,4,0,1,18,25,5,10,19,28,60,11464
J1合計,2017年度,73479,32635,14473,8533,2878,6183,8777,72780,34458,6253,6085,2156,229,4435,19164,700,438,139,999,317,112,1204,551,653,1,-,-,-,-,-,-,-,-
J1平均,2017年度,4082,1813,804,474,160,344,488,4043,1914,347,338,120,13,246,1065,39,24,8,56,18,6,67,31,36,1,-,-,-,-,-,-,-,18883
湘南,2017年度,1566,795,240,145,0,213,173,1645,774,103,130,0,0,133,505,-79,4,3,-78,0,0,-78,4,-82,2,1,83,24,11,7,58,36,8454
長崎,2017年度,1120,539,115,145,29,76,216,1056,494,80,101,31,0,63,287,64,1,1,64,0,0,64,10,54,2,2,80,24,8,10,59,41,5941
名古屋,2017年度,4594,2856,824,159,182,290,283,4094,1843,278,425,219,0,184,1145,500,23,35,488,0,0,488,125,363,2,3,75,23,6,13,85,65,15365
福岡,2017年度,1979,621,190,159,220,110,679,1927,1000,118,217,72,0,85,435,52,4,22,34,0,10,24,2,22,2,4,74,21,11,10,54,36,9550
東京Ｖ,2017年度,1622,779,186,147,189,54,267,1620,572,104,280,80,34,38,513,2,1,1,2,0,0,2,2,1,2,5,70,20,10,12,64,49,6206
千葉,2017年度,2593,1704,337,146,111,153,142,2597,1177,156,271,115,70,119,689,-4,4,7,-7,0,0,-7,0,-7,2,6,68,20,8,14,70,58,9983
徳島,2017年度,1639,1103,136,145,63,60,132,1491,814,76,208,58,0,50,285,148,3,7,144,0,0,144,45,99,2,7,67,18,13,11,71,45,4979
松本,2017年度,1991,953,494,150,21,239,134,1946,956,202,157,30,0,121,480,45,32,0,77,0,0,77,30,47,2,8,66,19,9,14,61,45,12146
大分,2017年度,1023,443,250,147,39,20,124,932,367,63,120,62,3,3,314,91,3,0,94,0,0,94,0,94,2,9,64,17,13,12,58,50,8063
横浜ＦＣ,2017年度,1244,698,171,144,57,77,97,1243,533,116,194,60,0,55,285,1,1,7,-6,1,16,-21,0,-21,2,10,63,17,12,13,60,49,5967
山形,2017年度,1576,429,172,137,0,94,743,1565,438,71,143,0,0,67,846,11,20,0,31,0,0,31,10,22,2,11,59,14,17,11,45,47,6582
京都,2017年度,1857,1129,205,151,131,94,147,1953,852,145,155,128,0,66,607,-96,12,24,-108,0,0,-108,1,-109,2,12,57,14,15,13,55,47,6748
岡山,2017年度,1433,703,190,152,86,120,182,1427,638,113,102,28,0,88,458,6,0,0,6,0,0,6,2,4,2,13,55,13,16,13,44,49,9471
水戸,2017年度,578,195,83,144,49,50,57,588,261,48,76,24,0,34,145,-10,1,0,-9,0,0,-9,0,-9,2,14,54,14,12,16,45,48,4931
愛媛,2017年度,769,302,74,145,67,53,128,699,316,33,77,41,25,36,171,70,11,3,78,0,0,78,10,68,2,15,51,14,9,19,54,68,3866
町田,2017年度,709,343,94,136,0,40,96,678,228,68,80,7,0,30,265,31,1,3,29,0,0,29,5,24,2,16,50,11,17,14,53,53,4056
金沢,2017年度,656,294,60,145,45,47,65,667,309,43,93,35,0,26,161,-11,3,5,-13,0,0,-13,1,-14,2,17,49,13,10,19,49,67,4397
岐阜,2017年度,951,474,111,153,52,71,90,868,316,100,118,44,0,56,234,83,1,0,84,0,0,84,13,71,2,18,46,11,13,18,56,68,6977
讃岐,2017年度,696,292,87,147,48,41,81,687,345,64,75,28,0,31,144,9,1,2,8,0,0,8,0,8,2,19,38,8,14,20,41,61,3805
山口,2017年度,1019,439,204,160,19,115,81,1048,399,94,137,58,7,72,281,-29,0,0,-29,1,0,-27,-3,-24,2,20,38,11,5,26,48,69,5454
熊本,2017年度,840,351,111,158,22,65,133,838,354,48,136,27,0,43,230,2,3,1,4,0,1,3,2,1,2,21,37,9,10,23,36,59,6557
群馬,2017年度,624,267,67,148,0,30,112,615,292,54,98,17,0,19,135,9,10,1,18,0,11,7,4,3,2,22,20,5,5,32,32,88,3832
J2合計,2017年度,31079,15709,4401,3263,1430,2112,4162,30184,13278,2177,3393,1164,139,1419,8615,895,139,122,911,2,38,876,263,615,2,-,-,-,-,-,-,-,-
J2平均,2017年度,1413,714,200,148,65,96,189,1372,604,99,154,53,6,65,392,41,6,6,41,0,2,40,12,28,2,-,-,-,-,-,-,-,6970
秋田,2017年度,360,198,16,35,43,10,58,357,114,16,59,30,0,9,129,3,7,2,8,0,1,7,0,7,3,1,61,18,7,7,53,31,2364
栃木,2017年度,658,408,59,35,71,59,26,663,229,46,87,58,0,33,210,-5,0,4,-9,22,8,5,1,4,3,2,60,16,12,4,44,24,5147
沼津,2017年度,361,166,22,34,65,25,49,351,100,35,44,2,0,23,147,10,10,3,17,0,0,17,0,17,3,3,59,16,11,5,60,27,3029
鹿児島,2017年度,496,261,21,34,0,32,148,493,138,117,91,0,0,16,131,3,1,1,3,0,0,3,1,2,3,4,55,17,4,11,49,37,3508
長野,2017年度,702,407,59,36,24,7,169,700,281,31,82,27,35,0,244,2,0,0,2,0,0,2,1,1,3,5,50,13,11,8,34,25,4256
琉球,2017年度,241,65,5,34,48,6,83,308,81,34,52,31,0,10,100,-68,0,0,-67,0,9,-76,0,-77,3,6,50,13,11,8,44,36,2508
藤枝,2017年度,210,144,7,34,2,2,21,216,59,12,31,0,7,4,103,-6,7,0,1,0,0,1,0,1,3,7,47,12,11,9,50,43,1448
富山,2017年度,539,372,34,34,47,20,32,534,200,39,86,25,0,12,172,5,1,0,6,0,0,6,0,6,3,8,47,13,8,11,37,33,3159
北九州,2017年度,864,384,124,36,88,69,163,854,308,77,110,53,0,50,256,10,0,1,9,0,1,9,3,6,3,9,46,13,7,12,44,37,5939
福島,2017年度,359,237,12,35,28,22,25,357,119,34,55,12,0,15,122,2,0,0,2,0,0,2,0,2,3,10,43,13,4,15,39,43,1485
相模原,2017年度,282,181,26,35,0,17,23,290,92,17,29,0,0,12,140,-8,10,1,1,0,0,1,0,1,3,12,39,9,12,11,34,41,3657
ＹＳ横浜,2017年度,193,38,14,26,87,8,20,199,30,13,27,36,2,9,82,-6,5,0,-1,0,0,-1,0,-1,3,14,32,8,8,16,41,54,951
盛岡,2017年度,281,116,13,35,26,5,86,285,87,18,54,23,0,3,100,-4,9,1,4,2,0,6,1,5,3,15,29,7,8,17,32,49,1337
鳥取,2017年度,458,233,33,35,47,32,78,456,112,20,38,31,0,2,253,2,0,8,-6,0,0,-6,1,-7,3,17,21,4,9,19,31,63,1559
J3合計,2017年度,6004,3210,445,478,576,314,981,6063,1950,509,845,328,44,198,2189,-60,50,21,-30,24,19,-24,8,-33,3,-,-,-,-,-,-,-,-
J3平均,2017年度,429,229,32,34,41,22,70,433,139,36,60,23,3,14,156,-4,4,2,-2,2,1,-2,1,-2,3,-,-,-,-,-,-,-,2613
鹿島,2016年度,5582,1958,869,232,283,540,1700,4825,1929,372,444,149,0,428,1503,757,43,5,795,0,0,795,185,610,1,1,59,18,5,11,53,34,19103
浦和,2016年度,6606,2593,2375,319,14,778,527,6426,2381,594,450,113,71,502,2315,180,8,4,184,65,0,249,76,173,1,2,74,23,5,6,61,28,36935
川崎Ｆ,2016年度,4254,1809,907,222,168,476,672,3923,1643,195,279,44,0,378,1384,331,1,1,331,0,0,331,114,217,1,3,72,22,6,6,68,39,22136
Ｇ大阪,2016年度,5146,1817,1390,288,140,588,923,4882,1900,832,426,121,0,451,1152,264,52,296,20,0,0,20,0,20,1,4,58,17,7,10,53,42,25342
大宮,2016年度,3203,2077,398,216,174,165,173,3194,1411,229,487,73,0,142,852,9,3,12,0,0,0,0,0,0,1,5,56,15,11,8,41,36,11814
広島,2016年度,3794,1620,563,290,93,487,741,3435,1553,271,423,156,0,314,717,359,6,9,356,35,0,391,79,312,1,6,55,16,7,11,58,40,15464
神戸,2016年度,3865,2221,427,190,219,130,678,3823,2068,337,171,70,0,143,1034,42,14,15,41,0,0,41,12,29,1,7,55,16,7,11,56,43,17018
柏,2016年度,2874,1929,435,185,30,61,234,2830,1753,132,180,39,0,48,678,44,23,3,64,0,0,64,7,57,1,8,54,15,9,10,52,44,10728
ＦＣ東京,2016年度,4541,1935,961,245,444,289,667,4447,2025,482,472,258,0,240,970,94,46,19,121,0,0,121,38,83,1,9,52,13,12,9,53,38,24037
横浜ＦＭ,2016年度,4696,2366,1005,224,315,509,277,4696,1966,354,395,225,0,351,1405,0,40,30,10,0,0,10,0,10,1,10,51,13,12,9,53,38,24004
鳥栖,2016年度,2766,1631,553,190,95,152,145,2785,1476,272,153,53,0,103,728,-19,31,2,10,0,0,10,1,9,1,11,46,12,10,12,36,37,12636
仙台,2016年度,2285,908,608,211,81,183,294,2428,1187,115,215,64,44,116,687,-143,28,4,-119,0,0,-119,0,-119,1,12,43,13,4,17,39,48,15467
磐田,2016年度,3303,1569,474,219,234,294,513,3263,1378,422,227,238,0,168,830,40,24,3,61,35,0,96,34,62,1,13,36,8,12,14,37,50,14611
甲府,2016年度,1523,736,342,193,59,61,132,1499,736,88,182,28,0,42,423,24,8,14,18,1,0,19,11,8,1,14,31,7,10,17,32,58,10833
新潟,2016年度,2908,1049,679,218,194,277,491,2959,1220,269,225,150,61,222,812,-51,179,14,114,0,0,114,17,97,1,15,30,8,6,20,33,49,21181
名古屋,2016年度,4713,3088,761,208,203,187,266,4565,1984,275,550,191,0,120,1445,148,28,10,166,35,8,193,44,149,1,16,30,7,9,18,38,58,17729
湘南,2016年度,1627,681,331,185,0,199,231,1628,798,104,113,0,0,129,484,-1,8,3,4,0,0,4,1,3,1,17,27,7,6,21,30,56,11530
福岡,2016年度,1836,618,275,207,175,112,449,1814,937,142,187,67,0,92,389,22,4,3,23,0,0,23,2,21,1,18,19,4,7,23,26,66,12857
J1合計,2016年度,65522,30605,13353,4042,2921,5488,9113,63422,28345,5485,5579,2039,176,3989,17808,2100,546,447,2199,171,8,2362,621,1741,1,-,-,-,-,-,-,-,-
J1平均,2016年度,3640,1700,742,225,162,305,506,3523,1575,305,310,113,10,222,989,117,30,25,122,10,0,131,34,97,1,-,-,-,-,-,-,-,17968
札幌,2016年度,1902,882,457,107,22,173,261,1978,703,285,205,63,0,142,580,-76,88,9,3,0,1,2,2,0,2,1,85,25,10,7,65,33,14559
清水,2016年度,3341,1767,494,109,303,318,350,3332,1473,177,210,227,0,226,1019,9,4,2,11,35,0,46,9,37,2,2,84,25,9,8,85,37,11274
松本,2016年度,1935,889,528,103,19,200,196,1761,863,201,127,25,0,133,412,174,37,1,210,0,0,210,67,143,2,3,84,24,12,6,62,32,13631
Ｃ大阪,2016年度,3008,1738,510,102,0,239,419,2983,1494,324,345,0,0,189,631,25,0,12,13,0,1,12,4,8,2,4,78,23,9,10,62,46,12509
京都,2016年度,1743,1122,200,93,136,58,134,2008,965,143,154,127,0,34,585,-265,14,15,-266,0,0,-266,18,-284,2,5,69,18,15,9,50,37,6524
岡山,2016年度,1271,564,200,95,88,122,202,1262,568,100,104,17,0,89,384,9,0,0,9,0,0,9,2,7,2,6,65,17,14,11,58,44,10017
町田,2016年度,626,299,92,86,4,41,104,628,189,61,73,15,0,33,257,-2,1,2,-3,0,48,-51,2,-53,2,7,65,18,11,13,53,44,5123
横浜ＦＣ,2016年度,1064,569,150,79,70,58,139,1060,464,83,195,45,0,41,232,4,0,2,2,0,0,2,1,1,2,8,59,16,11,15,50,51,4892
徳島,2016年度,1443,991,125,81,69,46,131,1409,731,77,242,48,0,41,270,34,5,14,25,0,0,25,11,14,2,9,57,16,9,17,46,42,4565
愛媛,2016年度,630,280,78,82,56,57,77,691,306,37,85,35,22,41,165,-61,7,1,-55,0,3,-58,0,-58,2,10,56,12,20,10,41,40,4089
千葉,2016年度,2556,1659,333,93,64,173,234,2435,899,157,374,89,76,160,680,121,17,8,130,38,107,61,4,57,2,11,53,13,14,15,52,53,10292
山口,2016年度,880,340,220,107,11,131,71,804,231,102,118,33,3,78,237,77,1,0,77,0,0,77,24,53,2,12,53,14,11,17,55,63,6654
水戸,2016年度,589,199,86,82,49,56,117,586,262,47,71,21,0,42,143,3,1,0,4,0,0,4,0,4,2,13,48,10,18,14,45,49,5365
山形,2016年度,1497,426,182,84,0,82,723,1514,429,66,132,0,0,79,808,-17,20,0,3,0,0,3,0,3,2,14,47,11,13,17,43,49,6254
長崎,2016年度,749,359,74,76,0,54,186,878,322,79,90,0,0,56,331,-129,1,5,-133,0,4,-137,1,-138,2,15,47,10,17,15,39,51,4625
熊本,2016年度,720,319,135,86,13,66,101,810,315,49,129,21,0,44,252,-90,0,1,-91,102,0,11,3,8,2,16,46,12,10,20,38,53,5543
群馬,2016年度,522,266,75,83,0,33,65,559,228,53,92,16,0,24,146,-37,5,1,-33,0,4,-37,1,-38,2,17,45,11,12,19,52,66,4744
東京Ｖ,2016年度,1391,667,164,80,204,45,230,1417,436,100,262,85,34,38,463,-26,0,4,-30,35,1,3,0,3,2,18,43,10,13,19,43,61,5402
讃岐,2016年度,613,262,107,83,42,44,75,628,287,79,79,22,0,28,133,-15,1,2,-16,0,0,-16,0,-16,2,19,43,10,13,19,43,62,3686
岐阜,2016年度,932,522,128,86,43,57,96,924,419,88,114,37,0,45,221,8,0,3,5,0,0,5,2,3,2,20,43,12,7,23,47,71,5662
金沢,2016年度,612,319,70,82,41,42,58,631,296,48,92,31,0,26,138,-19,16,2,-5,0,0,-5,1,-6,2,21,39,8,15,19,36,60,4179
北九州,2016年度,855,384,80,82,85,71,151,842,343,55,118,40,0,53,233,13,0,1,12,0,7,4,2,2,2,22,38,8,14,20,43,64,3224
J2合計,2016年度,28879,14823,4488,1961,1319,2166,4120,29140,12223,2411,3411,997,135,1642,8320,-260,218,85,-128,210,176,-96,154,-250,2,-,-,-,-,-,-,-,-
J2平均,2016年度,1313,674,204,89,60,98,187,1325,556,110,155,45,6,75,378,-12,10,4,-6,10,8,-4,7,-11,2,-,-,-,-,-,-,-,6946
大分,2016年度,797,404,157,17,38,13,168,752,266,43,114,61,2,3,263,45,19,0,64,0,0,64,0,64,3,1,61,19,4,7,50,24,7771
栃木,2016年度,639,409,66,18,72,52,22,659,228,47,90,47,0,27,220,-20,0,4,-24,28,0,4,2,2,3,2,59,17,8,5,38,20,4917
長野,2016年度,687,402,73,19,38,7,148,684,281,32,94,24,31,0,222,3,1,0,4,0,0,4,0,4,3,3,52,15,7,8,33,22,5018
秋田,2016年度,288,184,12,15,33,8,36,286,94,9,41,19,0,8,115,2,10,2,10,0,0,10,0,10,3,4,50,14,8,8,37,26,2425
鹿児島,2016年度,377,252,27,18,0,35,45,373,119,50,66,12,0,17,109,4,0,0,3,0,0,3,0,3,3,5,50,15,5,10,39,29,3665
富山,2016年度,515,365,37,15,50,20,28,507,191,32,81,25,0,13,165,8,1,0,9,0,0,9,0,9,3,6,49,13,10,7,37,29,3608
藤枝,2016年度,165,121,7,15,0,2,20,160,32,8,28,0,7,1,84,5,1,0,6,0,13,-7,0,-7,3,7,45,14,3,13,48,42,1531
琉球,2016年度,194,39,10,19,38,10,78,306,84,23,60,24,0,9,106,-112,4,0,-108,0,18,-126,1,-127,3,8,44,12,8,10,46,46,1561
相模原,2016年度,263,177,35,17,0,18,16,272,80,14,35,0,0,16,127,-9,11,1,1,0,0,1,0,1,3,11,35,9,8,13,29,46,4344
盛岡,2016年度,142,73,10,15,21,4,19,271,87,16,49,11,0,3,105,-129,7,1,-123,0,35,-158,0,-158,3,13,30,6,12,12,43,47,1188
福島,2016年度,326,230,12,16,29,17,22,342,120,34,43,12,0,12,121,-16,1,0,-15,0,0,-15,0,-15,3,14,30,7,9,14,35,44,1678
鳥取,2016年度,412,213,40,15,48,16,80,470,142,21,43,31,0,2,231,-58,16,10,-52,0,0,-52,0,-52,3,15,30,8,6,16,30,47,1898
ＹＳ横浜,2016年度,189,35,14,23,88,11,18,191,17,9,28,31,3,12,91,-2,3,0,1,0,0,1,0,1,3,16,20,5,5,20,15,51,1018
J3合計,2016年度,4994,2904,500,222,455,213,700,5273,1741,338,772,297,43,123,1959,-279,74,18,-224,28,66,-262,3,-265,3,-,-,-,-,-,-,-,-
J3平均,2016年度,384,223,38,17,35,16,54,406,134,26,59,23,3,9,151,-21,6,1,-17,2,5,-20,0,-20,3,-,-,-,-,-,-,-,2957
沼津,2016年度,268,130,5,0,75,18,40,274,73,16,25,1,0,8,151,-5,10,3,2,0,0,2,1,1,4,3,-,-,-,-,-,-,-
広島,2015年度,3610,1469,638,236,89,,1178,3440,1809,273,281,128,0,,949,170,5,9,166,0,0,166,16,150,1,1,74,23,5,6,73,30,16382
Ｇ大阪,2015年度,4282,1907,795,270,137,,1173,4205,1956,357,313,113,0,,1466,77,6,-11,94,0,0,94,57,37,1,2,63,18,9,7,56,37,15999
浦和,2015年度,6088,2549,2174,270,16,,1079,5961,2099,539,420,105,73,,2725,127,7,8,126,0,0,126,75,51,1,3,72,21,9,4,69,40,38745
ＦＣ東京,2015年度,4678,1710,966,235,457,,1310,3993,1641,385,429,350,0,,1188,685,3,72,616,0,0,616,240,376,1,4,63,19,6,9,45,33,28784
鹿島,2015年度,4311,1861,788,222,285,,1155,4652,2023,338,300,166,0,,1825,-341,3,6,-344,0,0,-344,0,-344,1,5,59,18,5,11,57,41,16423
川崎Ｆ,2015年度,4077,1569,777,197,179,,1355,3977,1685,190,430,50,0,,1622,100,3,1,102,0,0,102,41,61,1,6,57,17,6,11,62,48,20999
横浜ＦＭ,2015年度,4567,2256,948,204,413,,746,4567,1860,331,485,293,0,,1598,0,7,5,2,0,0,2,-7,9,1,7,55,15,10,9,45,32,24221
湘南,2015年度,1561,573,335,193,0,,460,1517,699,90,102,0,0,,626,44,11,3,52,0,46,6,1,5,1,8,48,13,9,12,40,44,12208
名古屋,2015年度,4446,2775,727,200,237,,507,4349,2086,275,458,205,0,,1325,97,29,88,38,0,0,38,8,30,1,9,46,13,7,14,44,48,16240
柏,2015年度,3019,1928,518,186,34,,353,3083,1888,167,232,40,0,,756,-64,51,21,-34,0,0,-34,4,-38,1,10,45,12,9,13,46,43,10918
鳥栖,2015年度,2489,1203,576,193,91,,426,2432,1105,245,126,43,0,,913,57,16,69,4,0,0,4,1,3,1,11,40,9,13,12,37,54,13450
神戸,2015年度,3663,2198,425,188,240,,612,3561,1767,271,496,111,0,,916,102,13,13,102,0,86,16,5,11,1,12,38,10,8,16,44,49,16265
甲府,2015年度,1525,751,354,186,50,,184,1470,736,86,154,28,0,,466,55,7,11,51,0,0,51,30,21,1,13,37,10,7,17,26,43,11297
仙台,2015年度,2239,909,660,201,91,,378,2222,1031,118,169,58,44,,802,17,24,2,39,0,2,37,2,35,1,14,35,9,8,17,44,48,14924
新潟,2015年度,2510,1038,711,206,176,,379,2795,1138,285,267,147,51,,907,-285,171,5,-119,0,0,-119,1,-120,1,15,34,8,10,16,41,58,21936
松本,2015年度,2149,923,597,213,6,,410,1778,821,210,141,8,0,,598,371,59,1,429,0,1,428,154,274,1,16,28,7,7,20,30,54,16823
清水,2015年度,3142,1417,551,220,309,,645,3460,1526,213,250,225,0,,1246,-318,10,1,-309,0,0,-309,1,-310,1,17,25,5,10,19,37,65,14803
山形,2015年度,1813,446,281,187,0,,899,1700,503,62,138,0,0,,997,113,30,33,110,0,0,110,32,78,1,18,24,4,12,18,24,53,10030
J1合計,2015年度,60169,27482,12821,3807,2810,,13249,59162,26373,4435,5191,2070,168,,20925,1007,455,337,1125,0,135,990,661,329,1,-,-,-,-,-,-,-,-
J1平均,2015年度,3343,1527,712,212,156,,736,3287,1465,246,288,115,9,,1163,56,25,19,63,0,8,55,37,18,1,-,-,-,-,-,-,-,17803
大宮,2015年度,3005,2183,315,100,157,,250,3003,1360,204,496,63,0,,880,2,12,14,0,0,0,0,-1,0,2,1,86,26,8,8,72,37,9490
磐田,2015年度,2996,1515,396,100,231,,754,2943,1263,305,229,186,0,,960,53,21,4,70,0,1,69,21,48,2,2,82,24,10,8,72,43,10041
福岡,2015年度,1654,474,235,94,211,,640,1595,626,96,374,73,0,,426,59,4,6,57,0,0,57,8,49,2,3,82,24,10,8,63,37,8692
Ｃ大阪,2015年度,2712,1505,464,109,0,,634,3195,1523,297,498,0,0,,877,-483,6,4,-481,500,0,19,3,16,2,4,67,18,13,11,57,40,12232
愛媛,2015年度,569,251,67,81,50,,120,593,267,29,77,21,18,,181,-24,8,2,-18,0,0,-18,1,-19,2,5,65,19,8,15,47,39,3771
長崎,2015年度,897,440,94,87,9,,267,888,348,74,98,10,0,,358,9,0,6,3,0,0,3,1,2,2,6,60,15,15,12,42,33,4634
北九州,2015年度,777,328,82,81,82,,204,773,283,52,101,42,0,,295,5,0,1,3,0,0,3,1,3,2,7,59,18,5,19,59,58,3488
東京Ｖ,2015年度,1311,564,204,82,182,,279,1299,377,97,240,89,31,,465,12,0,2,10,0,0,10,2,8,2,8,58,16,10,16,43,41,5655
千葉,2015年度,2504,1641,360,93,64,,346,2387,1045,153,243,85,71,,790,117,4,6,115,0,78,37,6,31,2,9,57,15,12,15,50,45,10725
札幌,2015年度,1420,613,424,100,20,,263,1536,550,271,173,53,0,,489,-116,90,7,-33,50,12,5,2,3,2,10,57,14,15,13,47,43,11960
岡山,2015年度,1174,535,176,89,90,,284,1174,509,104,95,20,0,,446,0,0,0,0,0,0,0,0,0,2,11,54,12,18,12,40,35,8412
金沢,2015年度,584,221,74,93,30,,166,573,237,65,89,24,0,,158,11,1,2,10,0,0,10,2,8,2,12,54,12,18,12,46,43,4910
熊本,2015年度,756,313,119,83,19,,222,752,302,44,125,14,0,,267,4,0,1,3,0,0,3,1,2,2,13,53,13,14,15,42,45,7037
徳島,2015年度,1741,1098,145,84,59,,355,1374,684,90,249,34,0,,317,367,5,1,371,0,0,371,137,234,2,14,53,13,14,15,35,44,5019
横浜ＦＣ,2015年度,1002,560,156,86,56,,144,998,424,77,160,45,0,,292,4,0,3,1,0,0,1,0,1,2,15,52,13,13,16,33,58,5113
讃岐,2015年度,575,228,99,84,41,,123,546,239,63,77,20,0,,147,29,5,2,32,0,0,32,7,25,2,16,51,12,15,15,30,33,3658
京都,2015年度,1897,1133,193,89,150,,332,1792,796,133,155,129,0,,579,105,16,71,50,0,1,49,37,12,2,17,50,12,14,16,45,51,7491
群馬,2015年度,548,290,71,81,3,,103,534,202,54,81,16,0,,181,14,4,1,17,0,8,9,3,6,2,18,48,13,9,20,34,56,4099
水戸,2015年度,561,190,81,82,49,,159,561,249,44,71,21,0,,176,0,3,1,2,0,0,2,0,2,2,19,46,10,16,16,40,47,4816
岐阜,2015年度,999,516,131,85,47,,220,992,468,84,124,35,0,,281,7,0,0,7,0,0,7,4,3,2,20,43,12,7,23,37,71,6179
大分,2015年度,958,497,245,84,39,,93,930,366,68,147,63,3,,283,28,4,8,24,0,0,24,1,23,2,21,38,8,14,20,41,51,7533
栃木,2015年度,936,486,128,80,79,,163,854,284,72,150,46,0,,302,82,0,1,81,0,32,49,7,42,2,22,35,7,14,21,39,64,5167
J2合計,2015年度,29576,15581,4259,1947,1668,,6121,29292,12402,2476,4052,1089,123,,9150,285,183,143,324,550,132,742,243,499,2,-,-,-,-,-,-,-,-
山口,2015年度,384,175,92,14,10,,93,358,90,41,64,12,0,,151,26,2,1,28,0,0,28,0,28,3,1,78,25,3,8,96,36,4367
町田,2015年度,443,250,55,12,6,,120,448,150,39,58,9,0,,192,-5,9,3,1,0,0,1,1,0,3,2,78,23,9,4,52,18,3766
長野,2015年度,597,361,96,14,20,,106,582,214,31,72,35,23,,207,15,1,0,16,0,0,16,0,16,3,3,70,21,7,8,46,28,4733
相模原,2015年度,224,150,32,11,0,,31,234,70,18,35,0,0,,111,-10,9,1,-2,0,0,-2,0,-2,3,4,58,17,7,12,59,51,3291
富山,2015年度,531,370,47,12,50,,52,522,198,44,80,20,0,,180,9,1,0,10,0,0,10,0,10,3,5,52,14,10,12,37,36,2820
鳥取,2015年度,426,207,47,12,46,,114,444,100,29,36,31,0,,248,-18,0,9,-27,30,0,3,1,2,3,6,50,14,8,14,47,41,1932
福島,2015年度,317,217,16,11,27,,46,317,97,38,45,9,0,,128,0,1,0,1,0,0,1,0,1,3,7,49,13,10,13,42,48,1289
秋田,2015年度,262,154,14,11,35,,48,259,82,8,33,22,0,,114,3,17,2,18,0,0,18,1,17,3,8,45,12,9,15,37,40,1998
琉球,2015年度,261,135,10,11,23,,82,278,76,27,57,11,0,,107,-17,21,1,3,0,0,3,1,2,3,9,45,12,9,15,45,51,1498
藤枝,2015年度,140,99,9,11,0,,21,142,23,20,28,0,0,,71,-2,4,2,0,0,0,0,0,0,3,10,37,11,4,21,37,61,1103
盛岡,2015年度,200,113,10,12,29,,36,231,88,18,39,12,0,,74,-31,2,1,-30,10,0,-20,0,-20,3,11,35,8,11,17,36,47,1239
ＹＳ横浜,2015年度,192,49,10,13,92,,28,194,18,11,25,33,3,,104,-2,3,0,1,0,0,1,0,1,3,13,27,7,6,23,24,58,919
J3合計,2015年度,3977,2280,438,144,338,,777,4009,1206,324,572,194,26,,1687,-32,70,20,19,40,0,59,4,55,3,-,-,-,-,-,-,-,-
J2平均,2015年度,1344,708,194,89,76,,278,1331,564,113,184,50,6,,416,13,8,7,15,25,6,35,11,23,2,-,-,-,-,-,-,-,6824
J3平均,2015年度,331,190,37,12,28,,65,334,101,27,48,16,2,,141,-3,6,2,2,3,0,5,0,5,3,-,-,-,-,-,-,-,2432
鹿児島,2015年度,247,180,12,0,0,,55,249,92,27,55,0,0,,75,-2,0,0,-2,0,0,-2,0,-2,4,4,-,-,-,-,-,-,-
Ｇ大阪,2014年度,3863,1843,592,238,138,,1052,3778,1815,298,242,117,0,,1306,85,3,2,86,0,0,86,46,40,1,1,63,19,6,9,59,31,14749
浦和,2014年度,5854,2380,1982,263,16,,1213,5642,2054,488,404,107,84,,2505,212,11,19,204,0,0,204,86,118,1,2,62,18,8,8,52,32,35516
鹿島,2014年度,4003,1831,788,222,266,,896,3975,1562,314,295,159,0,,1645,28,3,5,26,0,0,26,5,21,1,3,60,18,6,10,64,39,17665
柏,2014年度,3165,1943,466,201,66,,489,3195,2059,138,209,39,0,,750,-30,34,4,0,0,0,0,0,0,1,4,60,17,9,8,48,40,10715
鳥栖,2014年度,1885,789,535,222,72,,267,2266,1176,250,120,38,0,,682,-381,23,1,-359,0,0,-359,1,-360,1,5,60,19,3,12,41,33,14137
川崎Ｆ,2014年度,3359,1794,571,228,171,,595,3288,1546,185,269,74,0,,1214,71,5,0,76,0,0,76,32,44,1,6,55,16,7,11,56,43,16661
横浜ＦＭ,2014年度,4590,2059,958,226,464,,883,4584,1765,334,508,310,0,,1667,6,1,5,1,177,0,179,1,178,1,7,51,14,9,11,37,29,23088
広島,2014年度,3149,1537,505,219,93,,796,3019,1349,297,299,138,0,,937,130,11,4,137,1,1,137,15,122,1,8,50,13,11,10,44,37,14997
ＦＣ東京,2014年度,3859,1665,857,205,424,,708,3822,1709,405,376,263,0,,1070,37,3,17,23,0,0,23,19,4,1,9,48,12,12,10,47,33,25187
名古屋,2014年度,4042,2471,756,204,228,,383,4041,2053,286,434,186,0,,1082,1,30,6,25,0,0,25,2,23,1,10,48,13,9,12,47,48,16734
神戸,2014年度,2471,945,486,211,247,,582,2954,1348,215,439,124,0,,828,-483,18,2,-467,2250,36,1747,1,1746,1,11,45,11,12,11,49,50,15011
新潟,2014年度,2748,1013,650,210,165,,710,2853,1085,267,377,144,48,,932,-105,153,7,41,0,0,41,31,10,1,12,44,12,8,14,30,36,22979
甲府,2014年度,1518,749,422,191,47,,109,1515,759,119,175,25,0,,437,3,15,12,6,0,114,-108,-34,-74,1,13,41,9,14,11,27,31,12171
仙台,2014年度,2249,922,660,203,96,,368,2377,1141,125,194,62,44,,811,-128,24,3,-107,0,0,-107,0,-107,1,14,38,9,11,14,35,50,15173
清水,2014年度,3248,1534,539,222,316,,637,3201,1354,198,220,195,0,,1234,47,13,2,58,0,27,31,29,2,1,15,36,10,6,18,42,60,14210
大宮,2014年度,3422,2405,347,205,164,,301,3423,1720,207,561,67,0,,868,-1,20,8,11,0,0,11,11,0,1,16,35,9,8,17,44,60,10811
Ｃ大阪,2014年度,3771,1511,856,232,0,,1172,3859,1680,341,679,0,0,,1159,-88,1,3,-90,0,0,-90,0,-90,1,17,31,7,10,17,36,48,21627
徳島,2014年度,2104,1357,242,202,58,,245,1703,927,82,195,33,0,,466,401,8,1,408,0,0,408,160,248,1,18,14,3,5,26,16,74,8884
J1合計,2014年度,59300,28747,12212,3904,3031,,11406,59495,27103,4548,5996,2080,176,,19593,-195,376,102,79,2428,178,2330,405,1925,1,-,-,-,-,-,-,-,-
J1平均,2014年度,3294,1597,678,217,168,,634,3305,1506,253,333,116,10,,1088,-11,21,6,4,135,10,129,22,107,1,-,-,-,-,-,-,-,17240
湘南,2014年度,1121,453,225,93,0,,350,1203,452,76,87,0,0,,511,-5,11,3,3,0,0,3,1,2,2,1,101,31,8,3,86,25,8478
松本,2014年度,1185,431,295,101,5,,353,706,443,152,123,5,0,,480,-18,27,0,9,0,5,4,4,0,2,2,83,24,11,7,65,35,12733
千葉,2014年度,2300,1537,315,98,65,,285,1216,1065,140,279,92,68,,694,-38,4,7,-41,0,48,-89,0,-89,2,3,68,18,14,10,55,44,9333
磐田,2014年度,3027,1583,374,101,159,,810,979,1352,298,244,164,0,,946,23,29,6,46,0,0,46,22,24,2,4,67,18,13,11,67,55,8774
北九州,2014年度,747,308,79,90,64,,205,889,284,46,103,26,0,,279,9,0,1,7,0,0,7,2,5,2,5,65,18,11,13,50,50,3622
山形,2014年度,1399,276,183,105,0,,836,548,463,47,150,0,0,,787,-47,21,9,-34,45,0,11,0,11,2,6,64,18,10,14,57,44,6348
大分,2014年度,1006,493,249,96,41,,127,24302,349,67,140,77,3,,290,80,18,4,94,0,0,94,0,94,2,7,63,17,12,13,52,55,8422
岡山,2014年度,1103,472,161,101,84,,285,479,499,85,94,20,0,,402,3,1,3,1,0,0,1,0,1,2,8,61,15,16,11,52,48,8404
京都,2014年度,1761,1136,229,100,138,,158,1100,695,128,155,129,0,,560,94,19,41,72,0,0,72,11,61,2,9,60,14,18,10,57,48,7520
札幌,2014年度,1328,589,390,103,31,,215,1446,430,243,162,57,0,,482,-46,97,7,44,12,4,52,5,47,2,10,59,15,14,13,48,44,11060
横浜ＦＣ,2014年度,1042,558,167,89,44,,185,1126,493,68,168,43,0,,293,-23,1,3,-25,0,0,-25,0,-26,2,11,55,14,13,15,49,47,5146
栃木,2014年度,941,516,137,91,67,,130,480,292,64,106,42,0,,286,151,0,1,150,8,0,158,15,143,2,12,55,15,10,17,52,58,5294
熊本,2014年度,750,289,135,100,22,,204,926,276,43,110,16,0,,270,35,7,1,41,0,0,41,5,36,2,13,54,13,15,14,45,53,7002
長崎,2014年度,894,502,101,98,35,,158,715,335,67,135,28,0,,324,5,0,3,2,0,0,2,1,1,2,14,52,12,16,14,45,42,4839
水戸,2014年度,518,167,88,92,45,,126,791,235,46,69,14,0,,184,-30,2,1,-29,0,0,-29,0,-29,2,15,50,12,14,16,46,46,4734
福岡,2014年度,947,334,192,96,210,,115,738,417,76,121,65,0,,263,5,13,6,12,0,0,12,3,9,2,16,50,13,11,18,52,60,5062
岐阜,2014年度,831,380,140,95,89,,127,1667,503,90,140,48,0,,198,-148,2,1,-147,87,0,-60,3,-63,2,17,49,13,10,19,54,61,7584
群馬,2014年度,555,261,79,90,3,,122,2338,168,51,74,19,0,,168,75,5,0,80,0,1,79,8,71,2,18,49,14,7,21,45,54,3760
愛媛,2014年度,576,272,60,108,50,,86,942,257,25,94,21,19,,155,5,0,0,5,0,0,5,2,3,2,19,48,12,12,18,54,58,3820
東京Ｖ,2014年度,1220,561,187,92,174,,206,1064,346,124,224,97,38,,387,4,3,2,5,0,0,5,0,5,2,20,42,9,15,18,31,48,5430
讃岐,2014年度,584,213,104,92,46,,129,571,180,63,72,23,0,,141,105,3,2,106,0,0,106,0,106,2,21,33,7,12,23,34,71,3317
富山,2014年度,735,422,80,90,57,,86,3004,299,60,111,24,0,,212,29,1,0,30,0,0,30,0,30,2,22,23,5,8,29,28,74,4266
J2合計,2014年度,24570,11753,3970,2121,1429,,5297,1105,9832,2059,2961,1010,128,,8312,267,264,101,431,152,58,524,82,443,2,-,-,-,-,-,-,-,-
J2平均,2014年度,1117,534,180,96,65,,241,,447,94,135,46,6,,378,12,12,5,20,7,3,24,4,20,2,-,-,-,-,-,-,-,6589
金沢,2014年度,302,192,20,12,28,,50,349,170,19,42,20,0,,99,-47,44,0,-3,0,0,-3,0,-3,3,1,75,23,6,4,56,20,3440
長野,2014年度,426,287,51,13,17,,58,418,192,14,48,23,13,,128,8,0,0,8,0,0,8,0,8,3,2,69,20,9,4,58,23,3595
町田,2014年度,363,226,42,12,6,,77,357,120,31,50,4,0,,152,6,1,2,5,0,0,5,1,4,3,3,68,20,8,5,59,22,3134
鳥取,2014年度,460,241,53,12,46,,108,547,162,25,39,30,0,,291,-87,0,8,-95,1,0,-94,1,-95,3,4,53,14,11,8,34,25,3069
盛岡,2014年度,163,94,11,13,22,,23,166,61,12,40,7,0,,46,-3,5,1,1,0,0,1,0,1,3,5,45,12,9,12,43,39,1522
相模原,2014年度,199,138,27,11,5,,18,197,52,19,28,0,0,,98,2,6,0,8,0,8,0,0,0,3,6,43,12,7,14,44,48,3133
福島,2014年度,311,184,16,12,28,,71,310,98,40,40,12,0,,120,1,1,0,2,0,0,2,1,1,3,7,36,9,9,15,30,38,1321
秋田,2014年度,216,116,8,12,34,,46,263,92,6,35,17,0,,112,-47,47,2,-1,2,0,1,0,1,3,8,34,10,4,19,38,57,1773
琉球,2014年度,233,114,15,11,33,,60,271,76,19,49,17,0,,109,-38,3,0,-35,0,0,-35,1,-36,3,9,34,8,10,15,31,50,1398
藤枝,2014年度,126,72,10,11,0,,33,163,24,19,27,0,0,,93,-37,4,0,-33,0,0,-33,1,-34,3,11,30,7,9,17,36,52,1319
ＹＳ横浜,2014年度,179,36,12,12,91,,28,195,18,12,25,32,3,,105,-16,1,0,-15,0,0,-15,0,-15,3,12,24,4,12,17,29,58,1018
J3合計,2014年度,2979,1700,265,131,310,,572,3236,1065,217,423,161,16,,1353,-257,112,13,-158,3,8,-163,5,-168,3,-,-,-,-,-,-,-,-
J3平均,2014年度,271,155,24,12,28,,52,294,97,20,38,15,1,,123,-23,10,1,-14,0,1,-15,0,-15,3,-,-,-,-,-,-,-,2247
山口,2014年度,156,108,12,0,2,,35,194,42,12,44,4,0,,93,-38,2,1,-37,0,0,-37,0,-38,4,4,-,-,-,-,-,-,-
広島,2013年度,3198,1373,541,232,99,,953,3072,1449,263,279,126,0,,954,126,26,5,147,0,0,147,17,130,1,1,63,19,6,9,51,29,16209
横浜ＦＭ,2013年度,4315,1513,1069,228,455,,1048,4306,1701,341,443,314,0,,1506,9,3,12,0,1000,0,1000,0,1000,1,2,62,18,8,8,49,31,27496
川崎Ｆ,2013年度,3214,1702,540,218,164,,590,3170,1557,174,262,75,0,,1102,44,2,0,46,0,0,46,25,21,1,3,60,18,6,10,65,51,16644
Ｃ大阪,2013年度,3213,1499,954,220,0,,540,3201,1212,464,652,0,0,,873,12,0,4,8,0,0,8,2,6,1,4,59,16,11,7,53,32,18819
鹿島,2013年度,4122,1864,748,235,269,,1006,4081,1701,384,310,166,0,,1520,41,47,2,86,0,0,86,8,78,1,5,59,18,5,11,60,52,16419
浦和,2013年度,5786,2319,2132,258,15,,1062,5633,2016,497,434,102,62,,2522,153,12,3,161,0,0,161,69,92,1,6,58,17,7,10,66,56,37100
新潟,2013年度,2548,963,674,215,143,,553,2636,1077,283,277,128,39,,832,-88,148,9,51,0,0,51,22,29,1,7,55,17,4,13,48,42,26112
ＦＣ東京,2013年度,3545,1422,788,206,422,,707,3482,1637,373,284,255,0,,933,63,29,3,89,0,0,89,22,67,1,8,54,16,6,12,61,47,25073
清水,2013年度,3084,1219,523,225,319,,798,3140,1251,208,228,197,0,,1256,-56,19,2,-39,0,0,-39,1,-40,1,9,50,15,5,14,48,57,14137
柏,2013年度,3412,1947,646,204,71,,544,3380,2118,198,266,40,0,,758,32,16,35,13,0,0,13,10,3,1,10,48,13,9,12,56,59,12553
名古屋,2013年度,4226,2457,736,221,258,,555,4304,2348,283,448,191,0,,1034,-78,24,4,-58,0,0,-58,20,-78,1,11,47,13,8,13,47,48,16135
鳥栖,2013年度,1704,632,548,234,74,,216,2039,1012,273,129,23,0,,602,-335,38,0,-297,0,0,-297,2,-299,1,12,46,13,7,14,54,63,12026
仙台,2013年度,2429,901,757,225,88,,458,2431,1169,144,189,68,56,,805,-2,30,1,27,0,0,27,18,9,1,13,45,11,12,11,41,38,14866
大宮,2013年度,3228,2296,341,214,142,,235,3226,1606,226,472,68,0,,854,2,9,10,1,0,0,1,1,0,1,14,45,14,3,17,45,48,11138
甲府,2013年度,1481,683,403,208,36,,151,1460,707,101,172,21,0,,459,21,9,6,24,7,20,11,8,3,1,15,37,8,13,13,30,41,12614
湘南,2013年度,1191,387,263,191,0,,350,1211,530,82,98,0,0,,501,-20,12,3,-11,0,0,-11,0,-11,1,16,25,6,7,21,34,62,9911
磐田,2013年度,3298,1645,446,206,249,,752,3233,1369,328,253,182,0,,1101,65,23,5,83,0,1,82,37,45,1,17,23,4,11,19,40,56,10895
大分,2013年度,1406,680,370,202,48,,106,1191,556,75,144,70,2,,344,215,13,6,222,0,1,221,0,221,1,18,14,2,8,24,31,67,11915
J1合計,2013年度,55400,25502,12479,3942,2852,,10625,55196,25017,4698,5340,2026,159,,17956,204,460,110,553,1007,22,1538,262,1276,1,-,-,-,-,-,-,-,-
J1平均,2013年度,3078,1417,693,219,158,,590,3066,1390,261,297,113,9,,998,11,26,6,31,56,1,85,15,71,1,-,-,-,-,-,-,-,17226
Ｇ大阪,2013年度,2786,1696,465,105,138,,382,2839,1486,233,194,114,0,,812,-53,29,-35,11,0,0,11,74,-63,2,1,87,25,12,5,99,46,12286
神戸,2013年度,1960,682,339,104,231,,604,2401,1160,187,304,115,0,,635,-441,12,5,-434,68,3,-369,1,-370,2,2,83,25,8,9,78,41,11516
京都,2013年度,1930,1235,260,107,134,,194,1681,692,135,156,145,0,,553,249,17,3,263,0,0,263,112,151,2,3,70,20,10,12,68,46,7891
徳島,2013年度,1211,821,105,95,58,,133,1148,601,52,142,28,0,,325,64,6,1,68,0,0,68,34,35,2,4,67,20,7,15,56,51,4348
千葉,2013年度,2330,1515,353,100,55,,307,2217,994,146,262,73,66,,676,113,3,8,108,0,0,107,10,97,2,5,66,18,12,12,68,49,10004
長崎,2013年度,718,248,132,100,36,,203,728,229,115,78,26,0,,279,-9,0,2,-11,0,0,-11,0,-11,2,6,66,19,9,14,48,40,6167
松本,2013年度,939,386,199,99,5,,249,939,368,100,115,5,0,,352,0,4,0,4,0,0,4,2,2,2,7,66,19,9,14,54,54,11041
札幌,2013年度,1071,432,330,103,54,,152,1236,359,212,176,59,0,,430,-165,180,7,8,0,0,8,2,6,2,8,64,20,4,18,60,49,10075
栃木,2013年度,876,474,145,95,64,,99,955,410,76,110,32,0,,326,-78,1,2,-79,35,1,-45,2,-47,2,9,63,17,12,13,61,55,4922
山形,2013年度,1041,258,202,99,61,,421,1030,468,63,137,64,0,,298,11,0,0,11,0,0,11,0,11,2,10,59,16,11,15,74,61,7020
横浜ＦＣ,2013年度,1152,579,177,92,46,,258,1130,482,71,185,38,0,,353,22,0,0,23,0,18,5,2,3,2,11,58,15,13,14,49,46,6064
岡山,2013年度,1034,439,161,98,75,,261,994,411,70,81,18,0,,414,40,0,5,35,0,0,35,1,34,2,12,56,13,17,12,52,48,8574
東京Ｖ,2013年度,1236,534,204,89,174,,235,1303,357,144,260,91,36,,415,-67,0,2,-69,0,1,-70,0,-70,2,13,56,14,14,14,52,58,6343
福岡,2013年度,871,324,180,94,171,,102,966,390,73,161,58,0,,284,-95,19,10,-86,0,0,-86,1,-87,2,14,56,15,11,16,47,54,5727
水戸,2013年度,508,189,90,90,38,,101,507,230,35,65,10,0,,167,1,2,1,2,2,0,4,0,4,2,15,55,14,13,15,50,58,4630
北九州,2013年度,686,272,88,90,50,,186,673,249,48,99,26,0,,251,14,0,2,12,0,0,12,1,11,2,16,49,13,10,19,50,60,3175
愛媛,2013年度,522,217,56,110,47,,92,582,255,29,104,30,5,,159,-60,0,0,-60,1,2,-61,1,-62,2,17,47,12,11,19,43,52,3950
富山,2013年度,701,393,84,92,52,,80,679,273,59,123,22,0,,202,22,1,0,23,0,0,23,0,23,2,18,44,11,11,20,45,59,4474
熊本,2013年度,680,278,118,100,23,,161,671,261,42,103,17,0,,248,9,5,2,12,0,0,12,2,10,2,19,43,10,13,19,40,70,6227
群馬,2013年度,469,217,84,93,4,,72,494,163,58,78,9,0,,186,-25,11,3,-17,0,0,-17,1,-18,2,20,40,9,13,20,43,61,3571
岐阜,2013年度,576,266,74,90,41,,105,611,241,67,101,33,0,,169,-35,0,9,-44,140,0,96,8,88,2,21,37,9,10,23,37,80,4525
鳥取,2013年度,646,268,99,112,40,,126,635,207,44,61,27,0,,297,11,0,8,3,0,0,3,1,2,2,22,31,5,16,21,38,74,4097
J2合計,2013年度,23944,11723,3944,2157,1598,,4524,24418,10286,2059,3095,1040,107,,7830,-473,290,35,-217,246,25,3,255,-251,2,-,-,-,-,-,-,-,-
J2平均,2013年度,1088,533,179,98,73,,206,1110,468,94,141,47,5,,356,-21,13,2,-10,11,1,0,12,-11,2,-,-,-,-,-,-,-,6665
J3合計,2013年度,2055,1184,143,69,227,,434,2219,740,118,322,107,12,,920,-164,54,10,-120,2,0,-118,2,-120,3,-,-,-,-,-,-,-,-
町田,2013年度,363,204,32,52,6,,69,357,115,32,49,13,0,,148,6,1,4,3,0,0,3,1,2,3,-,-,-,-,-,-,-,-
長野,2013年度,308,228,23,7,11,,39,337,154,7,57,13,8,,98,-29,0,0,-29,0,0,-29,0,-29,3,-,-,-,-,-,-,-,-
金沢,2013年度,278,189,8,0,21,,60,277,100,22,41,13,0,,101,0,2,0,2,0,0,2,0,2,3,-,-,-,-,-,-,-,-
讃岐,2013年度,220,90,25,1,26,,78,219,84,14,37,10,0,,74,1,5,2,4,0,0,4,0,4,3,-,-,-,-,-,-,-,-
福島,2013年度,207,134,11,0,16,,46,204,52,15,32,12,0,,93,2,1,0,3,2,0,5,1,4,3,-,-,-,-,-,-,-,-
秋田,2013年度,188,103,11,6,27,,41,207,70,4,29,12,2,,90,-20,26,2,4,0,0,4,0,4,3,-,-,-,-,-,-,-,-
J3平均,2013年度,187,108,13,6,21,,39,202,67,11,29,10,1,,84,-15,5,1,-11,0,0,-11,0,-11,3,-,-,-,-,-,-,-,-
ＹＳ横浜,2013年度,145,22,7,3,93,,20,147,2,5,22,28,2,,88,-2,3,0,1,0,0,1,0,1,3,-,-,-,-,-,-,-,-
相模原,2013年度,111,81,15,0,0,,15,115,35,7,15,0,0,,58,-4,4,1,-1,0,0,-1,0,-1,3,-,-,-,-,-,-,-,-
藤枝,2013年度,95,71,6,0,0,,19,126,32,6,17,0,0,,72,-30,4,0,-26,0,0,-26,0,-26,3,-,-,-,-,-,-,-,-
盛岡,2013年度,75,39,0,0,18,,18,84,37,3,8,3,0,,33,-9,6,1,-4,0,0,-4,0,-4,3,-,-,-,-,-,-,-,-
琉球,2013年度,66,23,5,0,9,,29,146,59,3,14,3,0,,66,-80,3,0,-77,0,0,-77,0,-78,3,-,-,-,-,-,-,-,-
