チーム,年度,営業収益,広告料収入,入場料収入,Ｊリーグ配分金,アカデミー関連収入,物販収入,その他収入,営業費用,チーム人件費,試合関連経費,トップチーム運営経費,アカデミー運営経費,女子チーム運営経費,物販関連費,販売費および一般管理費,営業利益,営業外収益,営業外費用,経常利益,特別利益,特別損失,税引前当期利益,法人税および住民税等,当期純利益,div,順位,勝ち点,勝ち,分け,負け,得点,失点,入場者数
川崎Ｆ,2018年度,6074,1478,975,1416,196,869,1140,5599,2614,222,326,67,0,576,1794,475,2,1,476,0,0,476,154,322,1,1,69,21,6,7,57,27,23218
広島,2018年度,3367,1530,500,364,82,370,521,3597,1864,283,383,137,0,260,670,-230,12,40,-258,0,0,-258,19,-277,1,2,57,17,6,11,47,35,14346
鹿島,2018年度,7330,2156,978,806,290,839,2261,6746,3157,524,599,169,0,600,1697,584,4,1,587,0,0,587,161,426,1,3,56,16,8,10,50,39,19434
札幌,2018年度,2988,1306,636,392,25,189,440,3233,1502,327,268,168,0,143,825,-245,100,8,-153,5,16,-164,1,-165,1,4,55,15,10,9,48,48,18223
浦和,2018年度,7549,3226,1923,389,11,954,1046,7540,3108,554,564,103,84,557,2570,9,29,6,32,22,0,54,15,39,1,5,51,14,9,11,51,39,35502
ＦＣ東京,2018年度,4844,1988,947,382,420,287,820,4619,2133,455,391,303,0,287,1050,225,1,23,203,0,0,203,69,134,1,6,50,14,8,12,39,34,26432
Ｃ大阪,2018年度,3871,1786,618,554,0,418,495,4177,2334,311,457,0,0,313,762,-306,15,5,-296,300,0,4,2,2,1,7,50,13,11,10,39,38,18811
清水,2018年度,3983,1757,582,377,319,396,552,4226,1811,232,381,262,0,263,1277,-243,10,2,-235,0,19,-254,2,-256,1,8,49,14,7,13,56,48,14991
Ｇ大阪,2018年度,5159,1845,1152,391,196,458,1117,4903,2193,561,403,193,0,358,1195,256,7,10,253,0,0,253,0,253,1,9,48,14,6,14,41,46,23485
神戸,2018年度,9666,6208,840,367,249,388,1614,7641,4477,280,528,105,0,360,1891,2025,58,401,1682,0,0,1682,630,1052,1,10,45,12,9,13,45,52,21630
仙台,2018年度,2684,1137,608,363,78,219,279,2765,1232,145,252,96,118,146,776,-81,15,2,-68,0,0,-68,5,-73,1,11,45,13,6,15,44,54,15408
横浜ＦＭ,2018年度,5138,2033,1127,371,360,571,676,5119,2301,356,405,205,0,382,1470,19,2,13,8,3,7,4,2,2,1,12,41,12,5,17,56,56,21788
湘南,2018年度,2978,1224,480,424,95,315,440,2980,1384,172,212,141,0,220,851,-2,9,2,5,0,0,5,5,0,1,13,41,10,11,13,38,43,12120
鳥栖,2018年度,4257,2296,678,358,94,201,630,4393,2670,419,207,51,0,162,884,-136,8,452,-580,0,0,-580,1,-581,1,14,41,10,11,13,29,34,15000
名古屋,2018年度,5491,3345,936,363,179,412,256,5273,2823,296,455,158,0,246,1295,218,15,6,227,0,0,227,104,123,1,15,41,12,5,17,52,59,24660
磐田,2018年度,3745,1869,638,371,222,426,219,3757,1721,475,271,179,0,302,809,-12,62,5,45,0,0,45,21,24,1,16,41,10,11,13,35,48,15474
柏,2018年度,4150,1968,449,708,25,67,933,4128,2806,135,314,37,0,53,783,22,21,21,22,0,0,22,20,2,1,17,39,12,3,19,47,54,11402
長崎,2018年度,2323,1183,407,363,31,211,128,2310,814,168,239,66,0,131,892,13,4,0,17,0,6,11,-26,37,1,18,30,8,6,20,39,59,11225
J1合計,2018年度,85597,38335,14474,8759,2872,7590,13567,83006,40944,5915,6655,2440,202,5359,21491,2591,374,998,1967,330,48,2249,1185,1064,1,-,-,-,-,-,-,-,-
J1平均,2018年度,4755,2130,804,487,160,422,754,4611,2275,329,370,136,11,298,1194,144,21,55,109,18,3,125,66,59,1,-,-,-,-,-,-,-,19064
松本,2018年度,2239,991,503,152,26,263,304,2225,1145,222,170,30,0,127,531,14,25,0,39,0,0,39,9,30,2,1,77,21,14,7,54,34,13283
大分,2018年度,1128,486,254,150,39,33,166,1089,482,77,130,66,3,10,321,39,3,1,41,0,0,41,4,37,2,2,76,23,7,12,76,51,8907
横浜ＦＣ,2018年度,1522,924,167,148,72,66,146,1513,734,132,194,62,0,49,343,9,1,10,0,0,0,0,0,0,2,3,76,21,13,8,63,44,6141
町田,2018年度,755,370,108,137,0,42,98,787,278,90,82,8,0,36,293,-32,3,3,-32,0,0,-32,1,-33,2,4,76,21,13,8,62,44,4915
大宮,2018年度,3972,2611,339,282,189,156,395,3965,1915,271,682,78,0,107,912,7,1,8,0,0,0,0,0,0,2,5,71,21,8,13,65,48,9224
東京Ｖ,2018年度,1852,847,178,152,174,61,440,1848,733,106,315,90,48,34,522,4,0,1,3,0,0,3,2,1,2,6,71,19,14,9,56,41,5936
福岡,2018年度,1831,990,174,154,177,97,239,1829,909,107,258,98,0,73,384,2,4,3,3,0,0,3,1,2,2,7,70,19,13,10,58,42,8873
山口,2018年度,1126,506,212,161,17,130,100,1179,468,118,136,71,8,77,302,-53,0,0,-53,0,0,-53,3,-56,2,8,61,16,13,13,63,64,6123
甲府,2018年度,1511,760,297,286,19,62,87,1500,747,113,172,33,0,45,390,11,8,8,11,0,0,11,10,1,2,9,59,16,11,15,56,46,7384
水戸,2018年度,621,205,84,145,50,52,85,623,275,54,79,28,0,33,154,-2,3,0,1,0,0,1,1,0,2,10,57,16,9,17,48,46,4938
徳島,2018年度,1688,1098,135,146,65,61,183,1616,952,78,194,63,0,47,282,72,5,2,75,0,0,75,23,52,2,11,56,16,8,18,48,42,4997
山形,2018年度,1698,469,178,139,0,97,815,1698,524,83,164,0,0,67,860,0,21,0,21,0,0,21,9,12,2,12,56,14,14,14,49,51,6766
金沢,2018年度,736,328,69,148,58,57,76,726,331,51,89,43,0,34,178,10,1,2,9,0,0,9,3,6,2,13,55,14,13,15,52,48,4528
千葉,2018年度,2893,1994,332,146,114,145,162,2778,1272,168,334,115,64,116,709,115,4,7,112,0,37,75,12,63,2,14,55,16,7,19,72,72,9858
岡山,2018年度,1502,763,176,152,103,128,180,1483,638,137,106,27,0,106,469,19,3,0,22,0,0,22,9,13,2,15,53,14,11,17,39,43,8599
新潟,2018年度,2493,1127,507,281,191,200,187,2728,1108,267,268,137,65,166,717,-235,158,11,-88,0,61,-149,0,-149,2,16,53,15,8,19,48,56,14913
栃木,2018年度,962,525,115,145,72,70,35,947,353,74,151,53,0,36,280,15,0,2,13,0,0,13,3,10,2,17,50,13,11,18,38,48,5657
愛媛,2018年度,789,324,56,157,71,66,115,784,353,35,77,55,26,54,184,5,3,1,7,0,0,7,1,6,2,18,48,12,12,18,34,52,3161
京都,2018年度,1848,1243,173,151,133,54,94,1750,692,147,141,123,0,36,611,98,15,20,93,0,0,93,15,78,2,19,43,12,7,23,40,58,5663
岐阜,2018年度,1090,557,131,153,48,72,129,978,365,117,112,33,0,61,290,112,1,0,113,0,0,113,0,113,2,20,42,11,9,22,44,62,6858
熊本,2018年度,933,431,106,160,22,67,147,911,400,53,104,33,0,54,267,22,1,0,23,0,1,22,6,16,2,21,34,9,7,26,50,79,5269
讃岐,2018年度,704,268,74,147,53,37,125,705,301,66,122,38,0,25,153,-1,5,3,1,0,0,1,0,1,2,22,31,7,10,25,28,72,3073
J2合計,2018年度,33893,17817,4368,3692,1693,2016,4308,33662,14975,2566,4080,1284,214,1393,9152,231,265,82,414,0,99,315,112,203,2,-,-,-,-,-,-,-,-
J2平均,2018年度,1541,810,199,168,77,92,196,1530,681,117,185,58,10,63,416,11,12,4,19,0,5,14,5,9,2,-,-,-,-,-,-,-,7049
琉球,2018年度,339,156,10,26,57,12,78,370,99,34,50,37,0,11,139,-31,0,15,-46,0,2,-48,0,-48,3,1,66,20,6,6,70,40,3146
鹿児島,2018年度,493,330,27,26,0,27,83,500,179,44,125,0,0,13,139,-7,0,1,-8,0,0,-8,1,-9,3,2,57,16,9,7,46,35,4040
鳥取,2018年度,475,245,34,27,43,30,96,462,106,22,43,26,0,2,263,13,0,10,3,0,0,3,1,2,3,3,53,15,8,9,61,47,2657
沼津,2018年度,386,186,16,27,59,33,65,405,118,34,50,5,0,28,170,-19,7,3,-15,0,0,-15,0,-15,3,4,52,14,10,8,40,29,2857
群馬,2018年度,462,228,43,119,0,22,50,499,223,42,77,8,0,16,133,-37,5,0,-32,0,1,-33,2,-35,3,5,52,15,7,10,37,35,3346
秋田,2018年度,435,255,20,27,47,13,73,438,148,16,66,34,0,12,162,-3,6,1,2,0,0,2,0,2,3,8,43,12,7,13,37,35,2839
相模原,2018年度,331,212,35,26,0,31,27,336,109,24,29,0,0,22,152,-5,5,1,-1,0,0,-1,0,-1,3,9,42,12,6,14,42,53,3458
長野,2018年度,675,417,46,28,26,10,148,722,293,30,83,28,37,3,248,-47,0,0,-47,0,0,-47,0,-47,3,10,41,10,11,11,39,37,3554
富山,2018年度,482,321,28,34,53,22,24,523,195,36,86,25,0,15,166,-41,2,0,-39,0,0,-39,0,-39,3,11,41,12,5,15,41,50,2670
福島,2018年度,367,246,12,26,32,26,25,383,125,34,50,18,0,18,138,-16,2,0,-14,0,0,-14,0,-14,3,12,40,9,13,10,36,43,1576
盛岡,2018年度,483,118,9,35,38,15,268,497,268,9,71,25,0,10,114,-14,12,8,-10,25,0,15,4,11,3,13,40,12,4,16,41,56,1216
ＹＳ横浜,2018年度,205,44,14,34,84,10,19,207,44,16,29,47,2,7,62,-2,2,0,0,0,0,0,0,0,3,15,34,8,10,14,40,48,1005
藤枝,2018年度,291,228,8,26,4,5,20,290,119,14,56,8,2,4,87,1,1,0,2,0,0,2,0,2,3,16,34,10,4,18,32,48,1273
北九州,2018年度,794,394,107,26,105,43,119,813,287,75,96,56,0,31,269,-19,0,0,-19,0,0,-19,2,-21,3,17,27,6,9,17,22,42,4501
J3合計,2018年度,6218,3380,409,487,548,299,1095,6445,2313,430,911,317,41,192,2242,-227,42,39,-224,25,3,-202,10,-212,3,-,-,-,-,-,-,-,-
J3平均,2018年度,444,241,29,35,39,21,78,460,165,31,65,23,3,14,160,-16,3,3,-16,2,0,-14,1,-15,3,-,-,-,-,-,-,-,2491
八戸,2018年度,216,117,7,0,2,14,76,258,57,6,37,0,0,9,149,-42,16,2,-28,0,1,-29,0,-29,4,3,-,-,-,-,-,-,-
川崎Ｆ,2017年度,5123,1854,1038,495,183,563,990,4730,2339,229,298,60,0,420,1384,393,3,2,394,0,0,394,133,261,1,1,72,21,9,4,71,32,22112
鹿島,2017年度,5228,1917,894,537,276,699,905,5367,2382,400,336,165,0,483,1601,-139,3,1,-137,0,0,-137,1,-138,1,2,72,23,3,8,53,31,20467
Ｃ大阪,2017年度,3976,1600,839,460,0,368,709,4243,2334,449,385,0,0,239,836,-267,17,51,-301,310,0,9,4,5,1,3,63,19,6,9,65,43,20970
柏,2017年度,3454,1954,554,466,26,77,377,3440,2308,158,183,33,0,61,697,14,19,9,24,0,0,24,11,13,1,4,62,18,8,8,49,33,11820
横浜ＦＭ,2017年度,4765,2111,1018,452,322,496,366,4759,2118,344,385,176,0,324,1412,6,26,8,24,0,0,24,-1,25,1,5,59,17,8,9,45,36,24766
磐田,2017年度,3828,1812,615,466,231,464,240,3592,1553,469,240,221,0,314,795,236,27,2,261,0,0,261,76,185,1,6,58,16,10,8,50,30,16321
浦和,2017年度,7971,3193,2337,536,12,813,1080,7416,2644,609,636,124,76,519,2808,556,8,28,536,0,0,536,206,330,1,7,49,14,7,13,64,54,33542
鳥栖,2017年度,3350,1574,631,443,97,164,441,3341,1899,341,165,38,0,117,781,9,3,2,10,0,0,10,8,2,1,8,47,13,8,13,41,44,14194
神戸,2017年度,5237,3352,514,453,236,195,487,5337,3104,357,278,85,0,176,1337,-100,15,68,-153,0,0,-153,2,-155,1,9,44,13,5,16,40,45,18272
Ｇ大阪,2017年度,4966,1800,1266,508,139,499,754,5063,2212,762,441,144,0,396,1108,-97,4,-91,-2,0,0,-2,0,-2,1,10,43,11,10,13,48,41,24277
札幌,2017年度,2676,1070,622,488,25,183,288,2685,1206,351,214,63,0,161,690,-9,80,8,63,0,20,43,10,33,1,11,43,12,7,15,39,47,18418
仙台,2017年度,2709,1183,619,458,76,173,200,2702,1165,163,291,90,95,128,770,7,17,2,22,0,0,22,9,13,1,12,41,11,8,15,44,53,14746
ＦＣ東京,2017年度,4588,1717,1026,483,446,282,634,4401,2010,468,389,295,0,238,1001,187,3,3,187,0,0,187,73,114,1,13,40,10,10,14,37,42,26490
清水,2017年度,4010,1797,625,461,308,409,410,3928,1680,268,283,260,0,280,1157,82,10,1,91,0,88,3,1,2,1,14,34,8,10,16,36,54,15116
広島,2017年度,3424,1546,496,484,88,362,448,3438,1602,263,531,132,0,249,661,-14,18,3,1,0,0,1,0,1,1,15,33,8,9,17,32,49,14042
甲府,2017年度,1727,774,353,446,28,74,52,1689,883,103,181,30,0,57,435,38,9,10,37,0,4,33,14,19,1,16,32,7,11,16,23,39,10842
新潟,2017年度,2762,1085,629,452,196,224,176,2974,1227,267,301,160,58,174,787,-212,174,24,-62,7,0,-55,0,-55,1,17,28,7,7,20,28,60,22034
大宮,2017年度,3685,2296,397,445,189,138,220,3675,1792,252,548,80,0,99,904,10,2,8,4,0,0,4,4,0,1,18,25,5,10,19,28,60,11464
J1合計,2017年度,73479,32635,14473,8533,2878,6183,8777,72780,34458,6253,6085,2156,229,4435,19164,700,438,139,999,317,112,1204,551,653,1,-,-,-,-,-,-,-,-
J1平均,2017年度,4082,1813,804,474,160,344,488,4043,1914,347,338,120,13,246,1065,39,24,8,56,18,6,67,31,36,1,-,-,-,-,-,-,-,18883
湘南,2017年度,1566,795,240,145,0,213,173,1645,774,103,130,0,0,133,505,-79,4,3,-78,0,0,-78,4,-82,2,1,83,24,11,7,58,36,8454
長崎,2017年度,1120,539,115,145,29,76,216,1056,494,80,101,31,0,63,287,64,1,1,64,0,0,64,10,54,2,2,80,24,8,10,59,41,5941
名古屋,2017年度,4594,2856,824,159,182,290,283,4094,1843,278,425,219,0,184,1145,500,23,35,488,0,0,488,125,363,2,3,75,23,6,13,85,65,15365
福岡,2017年度,1979,621,190,159,220,110,679,1927,1000,118,217,72,0,85,435,52,4,22,34,0,10,24,2,22,2,4,74,21,11,10,54,36,9550
東京Ｖ,2017年度,1622,779,186,147,189,54,267,1620,572,104,280,80,34,38,513,2,1,1,2,0,0,2,2,1,2,5,70,20,10,12,64,49,6206
千葉,2017年度,2593,1704,337,146,111,153,142,2597,1177,156,271,115,70,119,689,-4,4,7,-7,0,0,-7,0,-7,2,6,68,20,8,14,70,58,9983
徳島,2017年度,1639,1103,136,145,63,60,132,1491,814,76,208,58,0,50,285,148,3,7,144,0,0,144,45,99,2,7,67,18,13,11,71,45,4979
松本,2017年度,1991,953,494,150,21,239,134,1946,956,202,157,30,0,121,480,45,32,0,77,0,0,77,30,47,2,8,66,19,9,14,61,45,12146
大分,2017年度,1023,443,250,147,39,20,124,932,367,63,120,62,3,3,314,91,3,0,94,0,0,94,0,94,2,9,64,17,13,12,58,50,8063
横浜ＦＣ,2017年度,1244,698,171,144,57,77,97,1243,533,116,194,60,0,55,285,1,1,7,-6,1,16,-21,0,-21,2,10,63,17,12,13,60,49,5967
山形,2017年度,1576,429,172,137,0,94,743,1565,438,71,143,0,0,67,846,11,20,0,31,0,0,31,10,22,2,11,59,14,17,11,45,47,6582
京都,2017年度,1857,1129,205,151,131,94,147,1953,852,145,155,128,0,66,607,-96,12,24,-108,0,0,-108,1,-109,2,12,57,14,15,13,55,47,6748
岡山,2017年度,1433,703,190,152,86,120,182,1427,638,113,102,28,0,88,458,6,0,0,6,0,0,6,2,4,2,13,55,13,16,13,44,49,9471
水戸,2017年度,578,195,83,144,49,50,57,588,261,48,76,24,0,34,145,-10,1,0,-9,0,0,-9,0,-9,2,14,54,14,12,16,45,48,4931
愛媛,2017年度,769,302,74,145,67,53,128,699,316,33,77,41,25,36,171,70,11,3,78,0,0,78,10,68,2,15,51,14,9,19,54,68,3866
町田,2017年度,709,343,94,136,0,40,96,678,228,68,80,7,0,30,265,31,1,3,29,0,0,29,5,24,2,16,50,11,17,14,53,53,4056
金沢,2017年度,656,294,60,145,45,47,65,667,309,43,93,35,0,26,161,-11,3,5,-13,0,0,-13,1,-14,2,17,49,13,10,19,49,67,4397
岐阜,2017年度,951,474,111,153,52,71,90,868,316,100,118,44,0,56,234,83,1,0,84,0,0,84,13,71,2,18,46,11,13,18,56,68,6977
讃岐,2017年度,696,292,87,147,48,41,81,687,345,64,75,28,0,31,144,9,1,2,8,0,0,8,0,8,2,19,38,8,14,20,41,61,3805
山口,2017年度,1019,439,204,160,19,115,81,1048,399,94,137,58,7,72,281,-29,0,0,-29,1,0,-27,-3,-24,2,20,38,11,5,26,48,69,5454
熊本,2017年度,840,351,111,158,22,65,133,838,354,48,136,27,0,43,230,2,3,1,4,0,1,3,2,1,2,21,37,9,10,23,36,59,6557
群馬,2017年度,624,267,67,148,0,30,112,615,292,54,98,17,0,19,135,9,10,1,18,0,11,7,4,3,2,22,20,5,5,32,32,88,3832
J2合計,2017年度,31079,15709,4401,3263,1430,2112,4162,30184,13278,2177,3393,1164,139,1419,8615,895,139,122,911,2,38,876,263,615,2,-,-,-,-,-,-,-,-
J2平均,2017年度,1413,714,200,148,65,96,189,1372,604,99,154,53,6,65,392,41,6,6,41,0,2,40,12,28,2,-,-,-,-,-,-,-,6970
秋田,2017年度,360,198,16,35,43,10,58,357,114,16,59,30,0,9,129,3,7,2,8,0,1,7,0,7,3,1,61,18,7,7,53,31,2364
栃木,2017年度,658,408,59,35,71,59,26,663,229,46,87,58,0,33,210,-5,0,4,-9,22,8,5,1,4,3,2,60,16,12,4,44,24,5147
沼津,2017年度,361,166,22,34,65,25,49,351,100,35,44,2,0,23,147,10,10,3,17,0,0,17,0,17,3,3,59,16,11,5,60,27,3029
鹿児島,2017年度,496,261,21,34,0,32,148,493,138,117,91,0,0,16,131,3,1,1,3,0,0,3,1,2,3,4,55,17,4,11,49,37,3508
長野,2017年度,702,407,59,36,24,7,169,700,281,31,82,27,35,0,244,2,0,0,2,0,0,2,1,1,3,5,50,13,11,8,34,25,4256
琉球,2017年度,241,65,5,34,48,6,83,308,81,34,52,31,0,10,100,-68,0,0,-67,0,9,-76,0,-77,3,6,50,13,11,8,44,36,2508
藤枝,2017年度,210,144,7,34,2,2,21,216,59,12,31,0,7,4,103,-6,7,0,1,0,0,1,0,1,3,7,47,12,11,9,50,43,1448
富山,2017年度,539,372,34,34,47,20,32,534,200,39,86,25,0,12,172,5,1,0,6,0,0,6,0,6,3,8,47,13,8,11,37,33,3159
北九州,2017年度,864,384,124,36,88,69,163,854,308,77,110,53,0,50,256,10,0,1,9,0,1,9,3,6,3,9,46,13,7,12,44,37,5939
福島,2017年度,359,237,12,35,28,22,25,357,119,34,55,12,0,15,122,2,0,0,2,0,0,2,0,2,3,10,43,13,4,15,39,43,1485
相模原,2017年度,282,181,26,35,0,17,23,290,92,17,29,0,0,12,140,-8,10,1,1,0,0,1,0,1,3,12,39,9,12,11,34,41,3657
ＹＳ横浜,2017年度,193,38,14,26,87,8,20,199,30,13,27,36,2,9,82,-6,5,0,-1,0,0,-1,0,-1,3,14,32,8,8,16,41,54,951
盛岡,2017年度,281,116,13,35,26,5,86,285,87,18,54,23,0,3,100,-4,9,1,4,2,0,6,1,5,3,15,29,7,8,17,32,49,1337
鳥取,2017年度,458,233,33,35,47,32,78,456,112,20,38,31,0,2,253,2,0,8,-6,0,0,-6,1,-7,3,17,21,4,9,19,31,63,1559
J3合計,2017年度,6004,3210,445,478,576,314,981,6063,1950,509,845,328,44,198,2189,-60,50,21,-30,24,19,-24,8,-33,3,-,-,-,-,-,-,-,-
J3平均,2017年度,429,229,32,34,41,22,70,433,139,36,60,23,3,14,156,-4,4,2,-2,2,1,-2,1,-2,3,-,-,-,-,-,-,-,2613
鹿島,2016年度,5582,1958,869,232,283,540,1700,4825,1929,372,444,149,0,428,1503,757,43,5,795,0,0,795,185,610,1,1,59,18,5,11,53,34,19103
浦和,2016年度,6606,2593,2375,319,14,778,527,6426,2381,594,450,113,71,502,2315,180,8,4,184,65,0,249,76,173,1,2,74,23,5,6,61,28,36935
川崎Ｆ,2016年度,4254,1809,907,222,168,476,672,3923,1643,195,279,44,0,378,1384,331,1,1,331,0,0,331,114,217,1,3,72,22,6,6,68,39,22136
Ｇ大阪,2016年度,5146,1817,1390,288,140,588,923,4882,1900,832,426,121,0,451,1152,264,52,296,20,0,0,20,0,20,1,4,58,17,7,10,53,42,25342
大宮,2016年度,3203,2077,398,216,174,165,173,3194,1411,229,487,73,0,142,852,9,3,12,0,0,0,0,0,0,1,5,56,15,11,8,41,36,11814
広島,2016年度,3794,1620,563,290,93,487,741,3435,1553,271,423,156,0,314,717,359,6,9,356,35,0,391,79,312,1,6,55,16,7,11,58,40,15464
神戸,2016年度,3865,2221,427,190,219,130,678,3823,2068,337,171,70,0,143,1034,42,14,15,41,0,0,41,12,29,1,7,55,16,7,11,56,43,17018
柏,2016年度,2874,1929,435,185,30,61,234,2830,1753,132,180,39,0,48,678,44,23,3,64,0,0,64,7,57,1,8,54,15,9,10,52,44,10728
ＦＣ東京,2016年度,4541,1935,961,245,444,289,667,4447,2025,482,472,258,0,240,970,94,46,19,121,0,0,121,38,83,1,9,52,13,12,9,53,38,24037
横浜ＦＭ,2016年度,4696,2366,1005,224,315,509,277,4696,1966,354,395,225,0,351,1405,0,40,30,10,0,0,10,0,10,1,10,51,13,12,9,53,38,24004
鳥栖,2016年度,2766,1631,553,190,95,152,145,2785,1476,272,153,53,0,103,728,-19,31,2,10,0,0,10,1,9,1,11,46,12,10,12,36,37,12636
仙台,2016年度,2285,908,608,211,81,183,294,2428,1187,115,215,64,44,116,687,-143,28,4,-119,0,0,-119,0,-119,1,12,43,13,4,17,39,48,15467
磐田,2016年度,3303,1569,474,219,234,294,513,3263,1378,422,227,238,0,168,830,40,24,3,61,35,0,96,34,62,1,13,36,8,12,14,37,50,14611
甲府,2016年度,1523,736,342,193,59,61,132,1499,736,88,182,28,0,42,423,24,8,14,18,1,0,19,11,8,1,14,31,7,10,17,32,58,10833
新潟,2016年度,2908,1049,679,218,194,277,491,2959,1220,269,225,150,61,222,812,-51,179,14,114,0,0,114,17,97,1,15,30,8,6,20,33,49,21181
名古屋,2016年度,4713,3088,761,208,203,187,266,4565,1984,275,550,191,0,120,1445,148,28,10,166,35,8,193,44,149,1,16,30,7,9,18,38,58,17729
湘南,2016年度,1627,681,331,185,0,199,231,1628,798,104,113,0,0,129,484,-1,8,3,4,0,0,4,1,3,1,17,27,7,6,21,30,56,11530
福岡,2016年度,1836,618,275,207,175,112,449,1814,937,142,187,67,0,92,389,22,4,3,23,0,0,23,2,21,1,18,19,4,7,23,26,66,12857
J1合計,2016年度,65522,30605,13353,4042,2921,5488,9113,63422,28345,5485,5579,2039,176,3989,17808,2100,546,447,2199,171,8,2362,621,1741,1,-,-,-,-,-,-,-,-
J1平均,2016年度,3640,1700,742,225,162,305,506,3523,1575,305,310,113,10,222,989,117,30,25,122,10,0,131,34,97,1,-,-,-,-,-,-,-,17968
札幌,2016年度,1902,882,457,107,22,173,261,1978,703,285,205,63,0,142,580,-76,88,9,3,0,1,2,2,0,2,1,85,25,10,7,65,33,14559
清水,2016年度,3341,1767,494,109,303,318,350,3332,1473,177,210,227,0,226,1019,9,4,2,11,35,0,46,9,37,2,2,84,25,9,8,85,37,11274
松本,2016年度,1935,889,528,103,19,200,196,1761,863,201,127,25,0,133,412,174,37,1,210,0,0,210,67,143,2,3,84,24,12,6,62,32,13631
Ｃ大阪,2016年度,3008,1738,510,102,0,239,419,2983,1494,324,345,0,0,189,631,25,0,12,13,0,1,12,4,8,2,4,78,23,9,10,62,46,12509
京都,2016年度,1743,1122,200,93,136,58,134,2008,965,143,154,127,0,34,585,-265,14,15,-266,0,0,-266,18,-284,2,5,69,18,15,9,50,37,6524
岡山,2016年度,1271,564,200,95,88,122,202,1262,568,100,104,17,0,89,384,9,0,0,9,0,0,9,2,7,2,6,65,17,14,11,58,44,10017
町田,2016年度,626,299,92,86,4,41,104,628,189,61,73,15,0,33,257,-2,1,2,-3,0,48,-51,2,-53,2,7,65,18,11,13,53,44,5123
横浜ＦＣ,2016年度,1064,569,150,79,70,58,139,1060,464,83,195,45,0,41,232,4,0,2,2,0,0,2,1,1,2,8,59,16,11,15,50,51,4892
徳島,2016年度,1443,991,125,81,69,46,131,1409,731,77,242,48,0,41,270,34,5,14,25,0,0,25,11,14,2,9,57,16,9,17,46,42,4565
愛媛,2016年度,630,280,78,82,56,57,77,691,306,37,85,35,22,41,165,-61,7,1,-55,0,3,-58,0,-58,2,10,56,12,20,10,41,40,4089
千葉,2016年度,2556,1659,333,93,64,173,234,2435,899,157,374,89,76,160,680,121,17,8,130,38,107,61,4,57,2,11,53,13,14,15,52,53,10292
山口,2016年度,880,340,220,107,11,131,71,804,231,102,118,33,3,78,237,77,1,0,77,0,0,77,24,53,2,12,53,14,11,17,55,63,6654
水戸,2016年度,589,199,86,82,49,56,117,586,262,47,71,21,0,42,143,3,1,0,4,0,0,4,0,4,2,13,48,10,18,14,45,49,5365
山形,2016年度,1497,426,182,84,0,82,723,1514,429,66,132,0,0,79,808,-17,20,0,3,0,0,3,0,3,2,14,47,11,13,17,43,49,6254
長崎,2016年度,749,359,74,76,0,54,186,878,322,79,90,0,0,56,331,-129,1,5,-133,0,4,-137,1,-138,2,15,47,10,17,15,39,51,4625
熊本,2016年度,720,319,135,86,13,66,101,810,315,49,129,21,0,44,252,-90,0,1,-91,102,0,11,3,8,2,16,46,12,10,20,38,53,5543
群馬,2016年度,522,266,75,83,0,33,65,559,228,53,92,16,0,24,146,-37,5,1,-33,0,4,-37,1,-38,2,17,45,11,12,19,52,66,4744
東京Ｖ,2016年度,1391,667,164,80,204,45,230,1417,436,100,262,85,34,38,463,-26,0,4,-30,35,1,3,0,3,2,18,43,10,13,19,43,61,5402
讃岐,2016年度,613,262,107,83,42,44,75,628,287,79,79,22,0,28,133,-15,1,2,-16,0,0,-16,0,-16,2,19,43,10,13,19,43,62,3686
岐阜,2016年度,932,522,128,86,43,57,96,924,419,88,114,37,0,45,221,8,0,3,5,0,0,5,2,3,2,20,43,12,7,23,47,71,5662
金沢,2016年度,612,319,70,82,41,42,58,631,296,48,92,31,0,26,138,-19,16,2,-5,0,0,-5,1,-6,2,21,39,8,15,19,36,60,4179
北九州,2016年度,855,384,80,82,85,71,151,842,343,55,118,40,0,53,233,13,0,1,12,0,7,4,2,2,2,22,38,8,14,20,43,64,3224
J2合計,2016年度,28879,14823,4488,1961,1319,2166,4120,29140,12223,2411,3411,997,135,1642,8320,-260,218,85,-128,210,176,-96,154,-250,2,-,-,-,-,-,-,-,-
J2平均,2016年度,1313,674,204,89,60,98,187,1325,556,110,155,45,6,75,378,-12,10,4,-6,10,8,-4,7,-11,2,-,-,-,-,-,-,-,6946
大分,2016年度,797,404,157,17,38,13,168,752,266,43,114,61,2,3,263,45,19,0,64,0,0,64,0,64,3,1,61,19,4,7,50,24,7771
栃木,2016年度,639,409,66,18,72,52,22,659,228,47,90,47,0,27,220,-20,0,4,-24,28,0,4,2,2,3,2,59,17,8,5,38,20,4917
長野,2016年度,687,402,73,19,38,7,148,684,281,32,94,24,31,0,222,3,1,0,4,0,0,4,0,4,3,3,52,15,7,8,33,22,5018
秋田,2016年度,288,184,12,15,33,8,36,286,94,9,41,19,0,8,115,2,10,2,10,0,0,10,0,10,3,4,50,14,8,8,37,26,2425
鹿児島,2016年度,377,252,27,18,0,35,45,373,119,50,66,12,0,17,109,4,0,0,3,0,0,3,0,3,3,5,50,15,5,10,39,29,3665
富山,2016年度,515,365,37,15,50,20,28,507,191,32,81,25,0,13,165,8,1,0,9,0,0,9,0,9,3,6,49,13,10,7,37,29,3608
藤枝,2016年度,165,121,7,15,0,2,20,160,32,8,28,0,7,1,84,5,1,0,6,0,13,-7,0,-7,3,7,45,14,3,13,48,42,1531
琉球,2016年度,194,39,10,19,38,10,78,306,84,23,60,24,0,9,106,-112,4,0,-108,0,18,-126,1,-127,3,8,44,12,8,10,46,46,1561
相模原,2016年度,263,177,35,17,0,18,16,272,80,14,35,0,0,16,127,-9,11,1,1,0,0,1,0,1,3,11,35,9,8,13,29,46,4344
盛岡,2016年度,142,73,10,15,21,4,19,271,87,16,49,11,0,3,105,-129,7,1,-123,0,35,-158,0,-158,3,13,30,6,12,12,43,47,1188
福島,2016年度,326,230,12,16,29,17,22,342,120,34,43,12,0,12,121,-16,1,0,-15,0,0,-15,0,-15,3,14,30,7,9,14,35,44,1678
鳥取,2016年度,412,213,40,15,48,16,80,470,142,21,43,31,0,2,231,-58,16,10,-52,0,0,-52,0,-52,3,15,30,8,6,16,30,47,1898
ＹＳ横浜,2016年度,189,35,14,23,88,11,18,191,17,9,28,31,3,12,91,-2,3,0,1,0,0,1,0,1,3,16,20,5,5,20,15,51,1018
J3合計,2016年度,4994,2904,500,222,455,213,700,5273,1741,338,772,297,43,123,1959,-279,74,18,-224,28,66,-262,3,-265,3,-,-,-,-,-,-,-,-
J3平均,2016年度,384,223,38,17,35,16,54,406,134,26,59,23,3,9,151,-21,6,1,-17,2,5,-20,0,-20,3,-,-,-,-,-,-,-,2957
沼津,2016年度,268,130,5,0,75,18,40,274,73,16,25,1,0,8,151,-5,10,3,2,0,0,2,1,1,4,3,-,-,-,-,-,-,-
広島,2015年度,3610,1469,638,236,89,,1178,3440,1809,273,281,128,0,,949,170,5,9,166,0,0,166,16,150,1,1,74,23,5,6,73,30,16382
Ｇ大阪,2015年度,4282,1907,795,270,137,,1173,4205,1956,357,313,113,0,,1466,77,6,-11,94,0,0,94,57,37,1,2,63,18,9,7,56,37,15999
浦和,2015年度,6088,2549,2174,270,16,,1079,5961,2099,539,420,105,73,,2725,127,7,8,126,0,0,126,75,51,1,3,72,21,9,4,69,40,38745
ＦＣ東京,2015年度,4678,1710,966,235,457,,1310,3993,1641,385,429,350,0,,1188,685,3,72,616,0,0,616,240,376,1,4,63,19,6,9,45,33,28784
鹿島,2015年度,4311,1861,788,222,285,,1155,4652,2023,338,300,166,0,,1825,-341,3,6,-344,0,0,-344,0,-344,1,5,59,18,5,11,57,41,16423
川崎Ｆ,2015年度,4077,1569,777,197,179,,1355,3977,1685,190,430,50,0,,1622,100,3,1,102,0,0,102,41,61,1,6,57,17,6,11,62,48,20999
横浜ＦＭ,2015年度,4567,2256,948,204,413,,746,4567,1860,331,485,293,0,,1598,0,7,5,2,0,0,2,-7,9,1,7,55,15,10,9,45,32,24221
湘南,2015年度,1561,573,335,193,0,,460,1517,699,90,102,0,0,,626,44,11,3,52,0,46,6,1,5,1,8,48,13,9,12,40,44,12208
名古屋,2015年度,4446,2775,727,200,237,,507,4349,2086,275,458,205,0,,1325,97,29,88,38,0,0,38,8,30,1,9,46,13,7,14,44,48,16240
柏,2015年度,3019,1928,518,186,34,,353,3083,1888,167,232,40,0,,756,-64,51,21,-34,0,0,-34,4,-38,1,10,45,12,9,13,46,43,10918
鳥栖,2015年度,2489,1203,576,193,91,,426,2432,1105,245,126,43,0,,913,57,16,69,4,0,0,4,1,3,1,11,40,9,13,12,37,54,13450
神戸,2015年度,3663,2198,425,188,240,,612,3561,1767,271,496,111,0,,916,102,13,13,102,0,86,16,5,11,1,12,38,10,8,16,44,49,16265
甲府,2015年度,1525,751,354,186,50,,184,1470,736,86,154,28,0,,466,55,7,11,51,0,0,51,30,21,1,13,37,10,7,17,26,43,11297
仙台,2015年度,2239,909,660,201,91,,378,2222,1031,118,169,58,44,,802,17,24,2,39,0,2,37,2,35,1,14,35,9,8,17,44,48,14924
新潟,2015年度,2510,1038,711,206,176,,379,2795,1138,285,267,147,51,,907,-285,171,5,-119,0,0,-119,1,-120,1,15,34,8,10,16,41,58,21936
松本,2015年度,2149,923,597,213,6,,410,1778,821,210,141,8,0,,598,371,59,1,429,0,1,428,154,274,1,16,28,7,7,20,30,54,16823
清水,2015年度,3142,1417,551,220,309,,645,3460,1526,213,250,225,0,,1246,-318,10,1,-309,0,0,-309,1,-310,1,17,25,5,10,19,37,65,14803
山形,2015年度,1813,446,281,187,0,,899,1700,503,62,138,0,0,,997,113,30,33,110,0,0,110,32,78,1,18,24,4,12,18,24,53,10030
J1合計,2015年度,60169,27482,12821,3807,2810,,13249,59162,26373,4435,5191,2070,168,,20925,1007,455,337,1125,0,135,990,661,329,1,-,-,-,-,-,-,-,-
J1平均,2015年度,3343,1527,712,212,156,,736,3287,1465,246,288,115,9,,1163,56,25,19,63,0,8,55,37,18,1,-,-,-,-,-,-,-,17803
大宮,2015年度,3005,2183,315,100,157,,250,3003,1360,204,496,63,0,,880,2,12,14,0,0,0,0,-1,0,2,1,86,26,8,8,72,37,9490
磐田,2015年度,2996,1515,396,100,231,,754,2943,1263,305,229,186,0,,960,53,21,4,70,0,1,69,21,48,2,2,82,24,10,8,72,43,10041
福岡,2015年度,1654,474,235,94,211,,640,1595,626,96,374,73,0,,426,59,4,6,57,0,0,57,8,49,2,3,82,24,10,8,63,37,8692
Ｃ大阪,2015年度,2712,1505,464,109,0,,634,3195,1523,297,498,0,0,,877,-483,6,4,-481,500,0,19,3,16,2,4,67,18,13,11,57,40,12232
愛媛,2015年度,569,251,67,81,50,,120,593,267,29,77,21,18,,181,-24,8,2,-18,0,0,-18,1,-19,2,5,65,19,8,15,47,39,3771
長崎,2015年度,897,440,94,87,9,,267,888,348,74,98,10,0,,358,9,0,6,3,0,0,3,1,2,2,6,60,15,15,12,42,33,4634
北九州,2015年度,777,328,82,81,82,,204,773,283,52,101,42,0,,295,5,0,1,3,0,0,3,1,3,2,7,59,18,5,19,59,58,3488
東京Ｖ,2015年度,1311,564,204,82,182,,279,1299,377,97,240,89,31,,465,12,0,2,10,0,0,10,2,8,2,8,58,16,10,16,43,41,5655
千葉,2015年度,2504,1641,360,93,64,,346,2387,1045,153,243,85,71,,790,117,4,6,115,0,78,37,6,31,2,9,57,15,12,15,50,45,10725
札幌,2015年度,1420,613,424,100,20,,263,1536,550,271,173,53,0,,489,-116,90,7,-33,50,12,5,2,3,2,10,57,14,15,13,47,43,11960
岡山,2015年度,1174,535,176,89,90,,284,1174,509,104,95,20,0,,446,0,0,0,0,0,0,0,0,0,2,11,54,12,18,12,40,35,8412
金沢,2015年度,584,221,74,93,30,,166,573,237,65,89,24,0,,158,11,1,2,10,0,0,10,2,8,2,12,54,12,18,12,46,43,4910
熊本,2015年度,756,313,119,83,19,,222,752,302,44,125,14,0,,267,4,0,1,3,0,0,3,1,2,2,13,53,13,14,15,42,45,7037
徳島,2015年度,1741,1098,145,84,59,,355,1374,684,90,249,34,0,,317,367,5,1,371,0,0,371,137,234,2,14,53,13,14,15,35,44,5019
横浜ＦＣ,2015年度,1002,560,156,86,56,,144,998,424,77,160,45,0,,292,4,0,3,1,0,0,1,0,1,2,15,52,13,13,16,33,58,5113
讃岐,2015年度,575,228,99,84,41,,123,546,239,63,77,20,0,,147,29,5,2,32,0,0,32,7,25,2,16,51,12,15,15,30,33,3658
京都,2015年度,1897,1133,193,89,150,,332,1792,796,133,155,129,0,,579,105,16,71,50,0,1,49,37,12,2,17,50,12,14,16,45,51,7491
群馬,2015年度,548,290,71,81,3,,103,534,202,54,81,16,0,,181,14,4,1,17,0,8,9,3,6,2,18,48,13,9,20,34,56,4099
水戸,2015年度,561,190,81,82,49,,159,561,249,44,71,21,0,,176,0,3,1,2,0,0,2,0,2,2,19,46,10,16,16,40,47,4816
岐阜,2015年度,999,516,131,85,47,,220,992,468,84,124,35,0,,281,7,0,0,7,0,0,7,4,3,2,20,43,12,7,23,37,71,6179
大分,2015年度,958,497,245,84,39,,93,930,366,68,147,63,3,,283,28,4,8,24,0,0,24,1,23,2,21,38,8,14,20,41,51,7533
栃木,2015年度,936,486,128,80,79,,163,854,284,72,150,46,0,,302,82,0,1,81,0,32,49,7,42,2,22,35,7,14,21,39,64,5167
J2合計,2015年度,29576,15581,4259,1947,1668,,6121,29292,12402,2476,4052,1089,123,,9150,285,183,143,324,550,132,742,243,499,2,-,-,-,-,-,-,-,-
山口,2015年度,384,175,92,14,10,,93,358,90,41,64,12,0,,151,26,2,1,28,0,0,28,0,28,3,1,78,25,3,8,96,36,4367
町田,2015年度,443,250,55,12,6,,120,448,150,39,58,9,0,,192,-5,9,3,1,0,0,1,1,0,3,2,78,23,9,4,52,18,3766
長野,2015年度,597,361,96,14,20,,106,582,214,31,72,35,23,,207,15,1,0,16,0,0,16,0,16,3,3,70,21,7,8,46,28,4733
相模原,2015年度,224,150,32,11,0,,31,234,70,18,35,0,0,,111,-10,9,1,-2,0,0,-2,0,-2,3,4,58,17,7,12,59,51,3291
富山,2015年度,531,370,47,12,50,,52,522,198,44,80,20,0,,180,9,1,0,10,0,0,10,0,10,3,5,52,14,10,12,37,36,2820
鳥取,2015年度,426,207,47,12,46,,114,444,100,29,36,31,0,,248,-18,0,9,-27,30,0,3,1,2,3,6,50,14,8,14,47,41,1932
福島,2015年度,317,217,16,11,27,,46,317,97,38,45,9,0,,128,0,1,0,1,0,0,1,0,1,3,7,49,13,10,13,42,48,1289
秋田,2015年度,262,154,14,11,35,,48,259,82,8,33,22,0,,114,3,17,2,18,0,0,18,1,17,3,8,45,12,9,15,37,40,1998
琉球,2015年度,261,135,10,11,23,,82,278,76,27,57,11,0,,107,-17,21,1,3,0,0,3,1,2,3,9,45,12,9,15,45,51,1498
藤枝,2015年度,140,99,9,11,0,,21,142,23,20,28,0,0,,71,-2,4,2,0,0,0,0,0,0,3,10,37,11,4,21,37,61,1103
盛岡,2015年度,200,113,10,12,29,,36,231,88,18,39,12,0,,74,-31,2,1,-30,10,0,-20,0,-20,3,11,35,8,11,17,36,47,1239
ＹＳ横浜,2015年度,192,49,10,13,92,,28,194,18,11,25,33,3,,104,-2,3,0,1,0,0,1,0,1,3,13,27,7,6,23,24,58,919
J3合計,2015年度,3977,2280,438,144,338,,777,4009,1206,324,572,194,26,,1687,-32,70,20,19,40,0,59,4,55,3,-,-,-,-,-,-,-,-
J2平均,2015年度,1344,708,194,89,76,,278,1331,564,113,184,50,6,,416,13,8,7,15,25,6,35,11,23,3,-,-,-,-,-,-,-,6824
J3平均,2015年度,331,190,37,12,28,,65,334,101,27,48,16,2,,141,-3,6,2,2,3,0,5,0,5,3,-,-,-,-,-,-,-,2432
鹿児島,2015年度,247,180,12,0,0,,55,249,92,27,55,0,0,,75,-2,0,0,-2,0,0,-2,0,-2,4,4,-,-,-,-,-,-,-
Ｇ大阪,2014年度,3863,1843,592,238,138,,1052,3778,1815,298,242,117,0,,1306,85,3,2,86,0,0,86,46,40,1,1,63,19,6,9,59,31,14749
浦和,2014年度,5854,2380,1982,263,16,,1213,5642,2054,488,404,107,84,,2505,212,11,19,204,0,0,204,86,118,1,2,62,18,8,8,52,32,35516
鹿島,2014年度,4003,1831,788,222,266,,896,3975,1562,314,295,159,0,,1645,28,3,5,26,0,0,26,5,21,1,3,60,18,6,10,64,39,17665
柏,2014年度,3165,1943,466,201,66,,489,3195,2059,138,209,39,0,,750,-30,34,4,0,0,0,0,0,0,1,4,60,17,9,8,48,40,10715
鳥栖,2014年度,1885,789,535,222,72,,267,2266,1176,250,120,38,0,,682,-381,23,1,-359,0,0,-359,1,-360,1,5,60,19,3,12,41,33,14137
川崎Ｆ,2014年度,3359,1794,571,228,171,,595,3288,1546,185,269,74,0,,1214,71,5,0,76,0,0,76,32,44,1,6,55,16,7,11,56,43,16661
横浜ＦＭ,2014年度,4590,2059,958,226,464,,883,4584,1765,334,508,310,0,,1667,6,1,5,1,177,0,179,1,178,1,7,51,14,9,11,37,29,23088
広島,2014年度,3149,1537,505,219,93,,796,3019,1349,297,299,138,0,,937,130,11,4,137,1,1,137,15,122,1,8,50,13,11,10,44,37,14997
ＦＣ東京,2014年度,3859,1665,857,205,424,,708,3822,1709,405,376,263,0,,1070,37,3,17,23,0,0,23,19,4,1,9,48,12,12,10,47,33,25187
名古屋,2014年度,4042,2471,756,204,228,,383,4041,2053,286,434,186,0,,1082,1,30,6,25,0,0,25,2,23,1,10,48,13,9,12,47,48,16734
神戸,2014年度,2471,945,486,211,247,,582,2954,1348,215,439,124,0,,828,-483,18,2,-467,2250,36,1747,1,1746,1,11,45,11,12,11,49,50,15011
新潟,2014年度,2748,1013,650,210,165,,710,2853,1085,267,377,144,48,,932,-105,153,7,41,0,0,41,31,10,1,12,44,12,8,14,30,36,22979
甲府,2014年度,1518,749,422,191,47,,109,1515,759,119,175,25,0,,437,3,15,12,6,0,114,-108,-34,-74,1,13,41,9,14,11,27,31,12171
仙台,2014年度,2249,922,660,203,96,,368,2377,1141,125,194,62,44,,811,-128,24,3,-107,0,0,-107,0,-107,1,14,38,9,11,14,35,50,15173
清水,2014年度,3248,1534,539,222,316,,637,3201,1354,198,220,195,0,,1234,47,13,2,58,0,27,31,29,2,1,15,36,10,6,18,42,60,14210
大宮,2014年度,3422,2405,347,205,164,,301,3423,1720,207,561,67,0,,868,-1,20,8,11,0,0,11,11,0,1,16,35,9,8,17,44,60,10811
Ｃ大阪,2014年度,3771,1511,856,232,0,,1172,3859,1680,341,679,0,0,,1159,-88,1,3,-90,0,0,-90,0,-90,1,17,31,7,10,17,36,48,21627
徳島,2014年度,2104,1357,242,202,58,,245,1703,927,82,195,33,0,,466,401,8,1,408,0,0,408,160,248,1,18,14,3,5,26,16,74,8884
J1合計,2014年度,59300,28747,12212,3904,3031,,11406,59495,27103,4548,5996,2080,176,,19593,-195,376,102,79,2428,178,2330,405,1925,1,-,-,-,-,-,-,-,-
J1平均,2014年度,3294,1597,678,217,168,,634,3305,1506,253,333,116,10,,1088,-11,21,6,4,135,10,129,22,107,1,-,-,-,-,-,-,-,17240
湘南,2014年度,1121,453,225,93,0,,350,1203,452,76,87,0,0,,511,-5,11,3,3,0,0,3,1,2,2,1,101,31,8,3,86,25,8478
松本,2014年度,1185,431,295,101,5,,353,706,443,152,123,5,0,,480,-18,27,0,9,0,5,4,4,0,2,2,83,24,11,7,65,35,12733
千葉,2014年度,2300,1537,315,98,65,,285,1216,1065,140,279,92,68,,694,-38,4,7,-41,0,48,-89,0,-89,2,3,68,18,14,10,55,44,9333
磐田,2014年度,3027,1583,374,101,159,,810,979,1352,298,244,164,0,,946,23,29,6,46,0,0,46,22,24,2,4,67,18,13,11,67,55,8774
北九州,2014年度,747,308,79,90,64,,205,889,284,46,103,26,0,,279,9,0,1,7,0,0,7,2,5,2,5,65,18,11,13,50,50,3622
山形,2014年度,1399,276,183,105,0,,836,548,463,47,150,0,0,,787,-47,21,9,-34,45,0,11,0,11,2,6,64,18,10,14,57,44,6348
大分,2014年度,1006,493,249,96,41,,127,24302,349,67,140,77,3,,290,80,18,4,94,0,0,94,0,94,2,7,63,17,12,13,52,55,8422
岡山,2014年度,1103,472,161,101,84,,285,479,499,85,94,20,0,,402,3,1,3,1,0,0,1,0,1,2,8,61,15,16,11,52,48,8404
京都,2014年度,1761,1136,229,100,138,,158,1100,695,128,155,129,0,,560,94,19,41,72,0,0,72,11,61,2,9,60,14,18,10,57,48,7520
札幌,2014年度,1328,589,390,103,31,,215,1446,430,243,162,57,0,,482,-46,97,7,44,12,4,52,5,47,2,10,59,15,14,13,48,44,11060
横浜ＦＣ,2014年度,1042,558,167,89,44,,185,1126,493,68,168,43,0,,293,-23,1,3,-25,0,0,-25,0,-26,2,11,55,14,13,15,49,47,5146
栃木,2014年度,941,516,137,91,67,,130,480,292,64,106,42,0,,286,151,0,1,150,8,0,158,15,143,2,12,55,15,10,17,52,58,5294
熊本,2014年度,750,289,135,100,22,,204,926,276,43,110,16,0,,270,35,7,1,41,0,0,41,5,36,2,13,54,13,15,14,45,53,7002
長崎,2014年度,894,502,101,98,35,,158,715,335,67,135,28,0,,324,5,0,3,2,0,0,2,1,1,2,14,52,12,16,14,45,42,4839
水戸,2014年度,518,167,88,92,45,,126,791,235,46,69,14,0,,184,-30,2,1,-29,0,0,-29,0,-29,2,15,50,12,14,16,46,46,4734
福岡,2014年度,947,334,192,96,210,,115,738,417,76,121,65,0,,263,5,13,6,12,0,0,12,3,9,2,16,50,13,11,18,52,60,5062
岐阜,2014年度,831,380,140,95,89,,127,1667,503,90,140,48,0,,198,-148,2,1,-147,87,0,-60,3,-63,2,17,49,13,10,19,54,61,7584
群馬,2014年度,555,261,79,90,3,,122,2338,168,51,74,19,0,,168,75,5,0,80,0,1,79,8,71,2,18,49,14,7,21,45,54,3760
愛媛,2014年度,576,272,60,108,50,,86,942,257,25,94,21,19,,155,5,0,0,5,0,0,5,2,3,2,19,48,12,12,18,54,58,3820
東京Ｖ,2014年度,1220,561,187,92,174,,206,1064,346,124,224,97,38,,387,4,3,2,5,0,0,5,0,5,2,20,42,9,15,18,31,48,5430
讃岐,2014年度,584,213,104,92,46,,129,571,180,63,72,23,0,,141,105,3,2,106,0,0,106,0,106,2,21,33,7,12,23,34,71,3317
富山,2014年度,735,422,80,90,57,,86,3004,299,60,111,24,0,,212,29,1,0,30,0,0,30,0,30,2,22,23,5,8,29,28,74,4266
J2合計,2014年度,24570,11753,3970,2121,1429,,5297,1105,9832,2059,2961,1010,128,,8312,267,264,101,431,152,58,524,82,443,2,-,-,-,-,-,-,-,-
J2平均,2014年度,1117,534,180,96,65,,241,,447,94,135,46,6,,378,12,12,5,20,7,3,24,4,20,2,-,-,-,-,-,-,-,6589
金沢,2014年度,302,192,20,12,28,,50,349,170,19,42,20,0,,99,-47,44,0,-3,0,0,-3,0,-3,3,1,75,23,6,4,56,20,3440
長野,2014年度,426,287,51,13,17,,58,418,192,14,48,23,13,,128,8,0,0,8,0,0,8,0,8,3,2,69,20,9,4,58,23,3595
町田,2014年度,363,226,42,12,6,,77,357,120,31,50,4,0,,152,6,1,2,5,0,0,5,1,4,3,3,68,20,8,5,59,22,3134
鳥取,2014年度,460,241,53,12,46,,108,547,162,25,39,30,0,,291,-87,0,8,-95,1,0,-94,1,-95,3,4,53,14,11,8,34,25,3069
盛岡,2014年度,163,94,11,13,22,,23,166,61,12,40,7,0,,46,-3,5,1,1,0,0,1,0,1,3,5,45,12,9,12,43,39,1522
相模原,2014年度,199,138,27,11,5,,18,197,52,19,28,0,0,,98,2,6,0,8,0,8,0,0,0,3,6,43,12,7,14,44,48,3133
福島,2014年度,311,184,16,12,28,,71,310,98,40,40,12,0,,120,1,1,0,2,0,0,2,1,1,3,7,36,9,9,15,30,38,1321
秋田,2014年度,216,116,8,12,34,,46,263,92,6,35,17,0,,112,-47,47,2,-1,2,0,1,0,1,3,8,34,10,4,19,38,57,1773
琉球,2014年度,233,114,15,11,33,,60,271,76,19,49,17,0,,109,-38,3,0,-35,0,0,-35,1,-36,3,9,34,8,10,15,31,50,1398
藤枝,2014年度,126,72,10,11,0,,33,163,24,19,27,0,0,,93,-37,4,0,-33,0,0,-33,1,-34,3,11,30,7,9,17,36,52,1319
ＹＳ横浜,2014年度,179,36,12,12,91,,28,195,18,12,25,32,3,,105,-16,1,0,-15,0,0,-15,0,-15,3,12,24,4,12,17,29,58,1018
J3合計,2014年度,2979,1700,265,131,310,,572,3236,1065,217,423,161,16,,1353,-257,112,13,-158,3,8,-163,5,-168,3,-,-,-,-,-,-,-,-
J3平均,2014年度,271,155,24,12,28,,52,294,97,20,38,15,1,,123,-23,10,1,-14,0,1,-15,0,-15,3,-,-,-,-,-,-,-,2247
山口,2014年度,156,108,12,0,2,,35,194,42,12,44,4,0,,93,-38,2,1,-37,0,0,-37,0,-38,4,4,-,-,-,-,-,-,-
広島,2013年度,3198,1373,541,232,99,,953,3072,1449,263,279,126,0,,954,126,26,5,147,0,0,147,17,130,1,1,63,19,6,9,51,29,16209
横浜ＦＭ,2013年度,4315,1513,1069,228,455,,1048,4306,1701,341,443,314,0,,1506,9,3,12,0,1000,0,1000,0,1000,1,2,62,18,8,8,49,31,27496
川崎Ｆ,2013年度,3214,1702,540,218,164,,590,3170,1557,174,262,75,0,,1102,44,2,0,46,0,0,46,25,21,1,3,60,18,6,10,65,51,16644
Ｃ大阪,2013年度,3213,1499,954,220,0,,540,3201,1212,464,652,0,0,,873,12,0,4,8,0,0,8,2,6,1,4,59,16,11,7,53,32,18819
鹿島,2013年度,4122,1864,748,235,269,,1006,4081,1701,384,310,166,0,,1520,41,47,2,86,0,0,86,8,78,1,5,59,18,5,11,60,52,16419
浦和,2013年度,5786,2319,2132,258,15,,1062,5633,2016,497,434,102,62,,2522,153,12,3,161,0,0,161,69,92,1,6,58,17,7,10,66,56,37100
新潟,2013年度,2548,963,674,215,143,,553,2636,1077,283,277,128,39,,832,-88,148,9,51,0,0,51,22,29,1,7,55,17,4,13,48,42,26112
ＦＣ東京,2013年度,3545,1422,788,206,422,,707,3482,1637,373,284,255,0,,933,63,29,3,89,0,0,89,22,67,1,8,54,16,6,12,61,47,25073
清水,2013年度,3084,1219,523,225,319,,798,3140,1251,208,228,197,0,,1256,-56,19,2,-39,0,0,-39,1,-40,1,9,50,15,5,14,48,57,14137
柏,2013年度,3412,1947,646,204,71,,544,3380,2118,198,266,40,0,,758,32,16,35,13,0,0,13,10,3,1,10,48,13,9,12,56,59,12553
名古屋,2013年度,4226,2457,736,221,258,,555,4304,2348,283,448,191,0,,1034,-78,24,4,-58,0,0,-58,20,-78,1,11,47,13,8,13,47,48,16135
鳥栖,2013年度,1704,632,548,234,74,,216,2039,1012,273,129,23,0,,602,-335,38,0,-297,0,0,-297,2,-299,1,12,46,13,7,14,54,63,12026
仙台,2013年度,2429,901,757,225,88,,458,2431,1169,144,189,68,56,,805,-2,30,1,27,0,0,27,18,9,1,13,45,11,12,11,41,38,14866
大宮,2013年度,3228,2296,341,214,142,,235,3226,1606,226,472,68,0,,854,2,9,10,1,0,0,1,1,0,1,14,45,14,3,17,45,48,11138
甲府,2013年度,1481,683,403,208,36,,151,1460,707,101,172,21,0,,459,21,9,6,24,7,20,11,8,3,1,15,37,8,13,13,30,41,12614
湘南,2013年度,1191,387,263,191,0,,350,1211,530,82,98,0,0,,501,-20,12,3,-11,0,0,-11,0,-11,1,16,25,6,7,21,34,62,9911
磐田,2013年度,3298,1645,446,206,249,,752,3233,1369,328,253,182,0,,1101,65,23,5,83,0,1,82,37,45,1,17,23,4,11,19,40,56,10895
大分,2013年度,1406,680,370,202,48,,106,1191,556,75,144,70,2,,344,215,13,6,222,0,1,221,0,221,1,18,14,2,8,24,31,67,11915
J1合計,2013年度,55400,25502,12479,3942,2852,,10625,55196,25017,4698,5340,2026,159,,17956,204,460,110,553,1007,22,1538,262,1276,1,-,-,-,-,-,-,-,-
J1平均,2013年度,3078,1417,693,219,158,,590,3066,1390,261,297,113,9,,998,11,26,6,31,56,1,85,15,71,1,-,-,-,-,-,-,-,17226
Ｇ大阪,2013年度,2786,1696,465,105,138,,382,2839,1486,233,194,114,0,,812,-53,29,-35,11,0,0,11,74,-63,2,1,87,25,12,5,99,46,12286
神戸,2013年度,1960,682,339,104,231,,604,2401,1160,187,304,115,0,,635,-441,12,5,-434,68,3,-369,1,-370,2,2,83,25,8,9,78,41,11516
京都,2013年度,1930,1235,260,107,134,,194,1681,692,135,156,145,0,,553,249,17,3,263,0,0,263,112,151,2,3,70,20,10,12,68,46,7891
徳島,2013年度,1211,821,105,95,58,,133,1148,601,52,142,28,0,,325,64,6,1,68,0,0,68,34,35,2,4,67,20,7,15,56,51,4348
千葉,2013年度,2330,1515,353,100,55,,307,2217,994,146,262,73,66,,676,113,3,8,108,0,0,107,10,97,2,5,66,18,12,12,68,49,10004
長崎,2013年度,718,248,132,100,36,,203,728,229,115,78,26,0,,279,-9,0,2,-11,0,0,-11,0,-11,2,6,66,19,9,14,48,40,6167
松本,2013年度,939,386,199,99,5,,249,939,368,100,115,5,0,,352,0,4,0,4,0,0,4,2,2,2,7,66,19,9,14,54,54,11041
札幌,2013年度,1071,432,330,103,54,,152,1236,359,212,176,59,0,,430,-165,180,7,8,0,0,8,2,6,2,8,64,20,4,18,60,49,10075
栃木,2013年度,876,474,145,95,64,,99,955,410,76,110,32,0,,326,-78,1,2,-79,35,1,-45,2,-47,2,9,63,17,12,13,61,55,4922
山形,2013年度,1041,258,202,99,61,,421,1030,468,63,137,64,0,,298,11,0,0,11,0,0,11,0,11,2,10,59,16,11,15,74,61,7020
横浜ＦＣ,2013年度,1152,579,177,92,46,,258,1130,482,71,185,38,0,,353,22,0,0,23,0,18,5,2,3,2,11,58,15,13,14,49,46,6064
岡山,2013年度,1034,439,161,98,75,,261,994,411,70,81,18,0,,414,40,0,5,35,0,0,35,1,34,2,12,56,13,17,12,52,48,8574
東京Ｖ,2013年度,1236,534,204,89,174,,235,1303,357,144,260,91,36,,415,-67,0,2,-69,0,1,-70,0,-70,2,13,56,14,14,14,52,58,6343
福岡,2013年度,871,324,180,94,171,,102,966,390,73,161,58,0,,284,-95,19,10,-86,0,0,-86,1,-87,2,14,56,15,11,16,47,54,5727
水戸,2013年度,508,189,90,90,38,,101,507,230,35,65,10,0,,167,1,2,1,2,2,0,4,0,4,2,15,55,14,13,15,50,58,4630
北九州,2013年度,686,272,88,90,50,,186,673,249,48,99,26,0,,251,14,0,2,12,0,0,12,1,11,2,16,49,13,10,19,50,60,3175
愛媛,2013年度,522,217,56,110,47,,92,582,255,29,104,30,5,,159,-60,0,0,-60,1,2,-61,1,-62,2,17,47,12,11,19,43,52,3950
富山,2013年度,701,393,84,92,52,,80,679,273,59,123,22,0,,202,22,1,0,23,0,0,23,0,23,2,18,44,11,11,20,45,59,4474
熊本,2013年度,680,278,118,100,23,,161,671,261,42,103,17,0,,248,9,5,2,12,0,0,12,2,10,2,19,43,10,13,19,40,70,6227
群馬,2013年度,469,217,84,93,4,,72,494,163,58,78,9,0,,186,-25,11,3,-17,0,0,-17,1,-18,2,20,40,9,13,20,43,61,3571
岐阜,2013年度,576,266,74,90,41,,105,611,241,67,101,33,0,,169,-35,0,9,-44,140,0,96,8,88,2,21,37,9,10,23,37,80,4525
鳥取,2013年度,646,268,99,112,40,,126,635,207,44,61,27,0,,297,11,0,8,3,0,0,3,1,2,2,22,31,5,16,21,38,74,4097
J2合計,2013年度,23944,11723,3944,2157,1598,,4524,24418,10286,2059,3095,1040,107,,7830,-473,290,35,-217,246,25,3,255,-251,2,-,-,-,-,-,-,-,-
J2平均,2013年度,1088,533,179,98,73,,206,1110,468,94,141,47,5,,356,-21,13,2,-10,11,1,0,12,-11,2,-,-,-,-,-,-,-,6665
J3合計,2013年度,2055,1184,143,69,227,,434,2219,740,118,322,107,12,,920,-164,54,10,-120,2,0,-118,2,-120,3,-,-,-,-,-,-,-,-
町田,2013年度,363,204,32,52,6,,69,357,115,32,49,13,0,,148,6,1,4,3,0,0,3,1,2,3,-,-,-,-,-,-,-,-
長野,2013年度,308,228,23,7,11,,39,337,154,7,57,13,8,,98,-29,0,0,-29,0,0,-29,0,-29,3,-,-,-,-,-,-,-,-
金沢,2013年度,278,189,8,0,21,,60,277,100,22,41,13,0,,101,0,2,0,2,0,0,2,0,2,3,-,-,-,-,-,-,-,-
讃岐,2013年度,220,90,25,1,26,,78,219,84,14,37,10,0,,74,1,5,2,4,0,0,4,0,4,3,-,-,-,-,-,-,-,-
福島,2013年度,207,134,11,0,16,,46,204,52,15,32,12,0,,93,2,1,0,3,2,0,5,1,4,3,-,-,-,-,-,-,-,-
秋田,2013年度,188,103,11,6,27,,41,207,70,4,29,12,2,,90,-20,26,2,4,0,0,4,0,4,3,-,-,-,-,-,-,-,-
J3平均,2013年度,187,108,13,6,21,,39,202,67,11,29,10,1,,84,-15,5,1,-11,0,0,-11,0,-11,3,-,-,-,-,-,-,-,-
ＹＳ横浜,2013年度,145,22,7,3,93,,20,147,2,5,22,28,2,,88,-2,3,0,1,0,0,1,0,1,3,-,-,-,-,-,-,-,-
相模原,2013年度,111,81,15,0,0,,15,115,35,7,15,0,0,,58,-4,4,1,-1,0,0,-1,0,-1,3,-,-,-,-,-,-,-,-
藤枝,2013年度,95,71,6,0,0,,19,126,32,6,17,0,0,,72,-30,4,0,-26,0,0,-26,0,-26,3,-,-,-,-,-,-,-,-
盛岡,2013年度,75,39,0,0,18,,18,84,37,3,8,3,0,,33,-9,6,1,-4,0,0,-4,0,-4,3,-,-,-,-,-,-,-,-
琉球,2013年度,66,23,5,0,9,,29,146,59,3,14,3,0,,66,-80,3,0,-77,0,0,-77,0,-78,3,-,-,-,-,-,-,-,-
